,cellid,modelname,state_sig,state_chan,MI,isolation,r,r_se,d,g,sp,state_chan_alt
0,btn015b-b1,psth.fs20-ld-st.fil-ref-psthfr.s_stategain.S_jk.nf20-basic,st.fil,baseline,0.0,91.3,[0.87446203],[0.00812794],0.7984359395204442,1.1548122976536523,0.0,baseline
1,btn015b-b1,psth.fs20-ld-st.fil-ref-psthfr.s_stategain.S_jk.nf20-basic,st.fil,ACTIVE_1,-0.0328904102008117,91.3,[0.87446203],[0.00812794],0.14808260311669003,-0.31036846130964574,0.0,ACTIVE_1
2,btn003c-b1,psth.fs20-ld-st.fil-ref-psthfr.s_stategain.S_jk.nf20-basic,st.fil,baseline,0.0,99.5,[0.70438421],[0.00691553],0.6491838440048496,0.72650086127582,0.0,baseline
3,btn003c-b1,psth.fs20-ld-st.fil-ref-psthfr.s_stategain.S_jk.nf20-basic,st.fil,ACTIVE_1,0.09316709920236696,99.5,[0.70438421],[0.00691553],0.14210928906954995,0.19125181374121225,0.0,ACTIVE_1
4,btn003c-b1,psth.fs20-ld-st.fil-ref-psthfr.s_stategain.S_jk.nf20-basic,st.fil,ACTIVE_2,0.19312571487660274,99.5,[0.70438421],[0.00691553],0.35461609475603145,0.5536576637094568,0.0,ACTIVE_2
5,btn003c-b1,psth.fs20-ld-st.fil-ref-psthfr.s_stategain.S_jk.nf20-basic,st.fil,PASSIVE_1,0.23383204283510706,99.5,[0.70438421],[0.00691553],0.3755288996741307,0.3490505959303634,0.0,PASSIVE_1
6,btn114d-b1,psth.fs20-ld-st.fil-ref-psthfr.s_stategain.S_jk.nf20-basic,st.fil,baseline,0.0,82.9,[0.78599646],[0.0125281],0.5592729631175981,1.0053383556217883,0.0,baseline
7,btn114d-b1,psth.fs20-ld-st.fil-ref-psthfr.s_stategain.S_jk.nf20-basic,st.fil,ACTIVE_1,0.05672138039360943,82.9,[0.78599646],[0.0125281],0.10924736874207175,-0.046784672826800634,0.0,ACTIVE_1
8,btn114d-b1,psth.fs20-ld-st.fil-ref-psthfr.s_stategain.S_jk.nf20-basic,st.fil,ACTIVE_2,0.10022169810355239,82.9,[0.78599646],[0.0125281],0.20176095769333363,-0.061820023581069895,0.0,ACTIVE_2
9,btn114d-b1,psth.fs20-ld-st.fil-ref-psthfr.s_stategain.S_jk.nf20-basic,st.fil,PASSIVE_1,0.07683802524568127,82.9,[0.78599646],[0.0125281],0.11357183125136616,0.08950352362917485,0.0,PASSIVE_1
10,btn114b-b1,psth.fs20-ld-st.fil-ref-psthfr.s_stategain.S_jk.nf20-basic,st.fil,baseline,0.0,72.5,[0.7862998],[0.01134975],0.5514394668662304,1.233580553504519,0.0,baseline
11,btn114b-b1,psth.fs20-ld-st.fil-ref-psthfr.s_stategain.S_jk.nf20-basic,st.fil,ACTIVE_1,-0.07008431367861633,72.5,[0.7862998],[0.01134975],-0.003982749534302847,-0.4672233180257056,0.0,ACTIVE_1
12,btn044d-b1,psth.fs20-ld-st.fil-ref-psthfr.s_stategain.S_jk.nf20-basic,st.fil,baseline,0.0,95.1,[0.57253722],[0.01658156],1.8070394803430108,0.9318008276758251,0.0,baseline
13,btn044d-b1,psth.fs20-ld-st.fil-ref-psthfr.s_stategain.S_jk.nf20-basic,st.fil,ACTIVE_1,-0.08340879986899427,95.1,[0.57253722],[0.01658156],-0.22738316523846613,0.1364508254680919,0.0,ACTIVE_1
14,btn011c-b1,psth.fs20-ld-st.fil-ref-psthfr.s_stategain.S_jk.nf20-basic,st.fil,baseline,0.0,81.3,[0.68117859],[0.01492658],1.1611357585284618,1.2871898242459745,0.0,baseline
15,btn011c-b1,psth.fs20-ld-st.fil-ref-psthfr.s_stategain.S_jk.nf20-basic,st.fil,ACTIVE_1,-0.19730085237648787,81.3,[0.68117859],[0.01492658],-0.2922028710441362,-0.5744807017398548,0.0,ACTIVE_1
16,btn011a-b1,psth.fs20-ld-st.fil-ref-psthfr.s_stategain.S_jk.nf20-basic,st.fil,baseline,0.0,90.4,[0.65490396],[0.01448553],2.40584510048168,1.308319775085834,0.0,baseline
17,btn011a-b1,psth.fs20-ld-st.fil-ref-psthfr.s_stategain.S_jk.nf20-basic,st.fil,ACTIVE_1,-0.01757473490046658,90.4,[0.65490396],[0.01448553],0.2660878501838012,-0.6166981056191971,0.0,ACTIVE_1
18,btn037a-b1,psth.fs20-ld-st.fil-ref-psthfr.s_stategain.S_jk.nf20-basic,st.fil,baseline,0.0,94.9,[0.89492882],[0.0057425],0.7842417143695327,1.2643459247042281,0.0,baseline
19,btn037a-b1,psth.fs20-ld-st.fil-ref-psthfr.s_stategain.S_jk.nf20-basic,st.fil,ACTIVE_1,0.03250584750148528,94.9,[0.89492882],[0.0057425],0.5870982753440324,-0.5287284187468009,0.0,ACTIVE_1
20,btn019a-a1,psth.fs20-ld-st.fil-ref-psthfr.s_stategain.S_jk.nf20-basic,st.fil,baseline,0.0,91.9,[0.70647004],[0.01577723],0.4879235523143768,1.157406651968586,0.0,baseline
21,btn019a-a1,psth.fs20-ld-st.fil-ref-psthfr.s_stategain.S_jk.nf20-basic,st.fil,ACTIVE_1,-0.019503570601973233,91.9,[0.70647004],[0.01577723],-0.04806123199955216,-0.31474468714265025,0.0,ACTIVE_1
22,btn013c-b1,psth.fs20-ld-st.fil-ref-psthfr.s_stategain.S_jk.nf20-basic,st.fil,baseline,0.0,94.8,[0.94336784],[0.00341702],0.2357755641839908,0.916148295860228,0.0,baseline
23,btn013c-b1,psth.fs20-ld-st.fil-ref-psthfr.s_stategain.S_jk.nf20-basic,st.fil,ACTIVE_1,0.185566387589374,94.8,[0.94336784],[0.00341702],0.37282277276006415,0.044715621360190236,0.0,ACTIVE_1
24,btn013c-b1,psth.fs20-ld-st.fil-ref-psthfr.s_stategain.S_jk.nf20-basic,st.fil,ACTIVE_2,0.21262378389495967,94.8,[0.94336784],[0.00341702],0.35384954567813,0.17677032953565008,0.0,ACTIVE_2
25,btn013c-b1,psth.fs20-ld-st.fil-ref-psthfr.s_stategain.S_jk.nf20-basic,st.fil,PASSIVE_1,0.09680392624437648,94.8,[0.94336784],[0.00341702],0.10909891792797952,0.11393166759145075,0.0,PASSIVE_1
26,btn008b-a1,psth.fs20-ld-st.fil-ref-psthfr.s_stategain.S_jk.nf20-basic,st.fil,baseline,0.0,83.9,[0.85814583],[0.00628491],3.0994448005192656,1.3303373774274134,0.0,baseline
27,btn008b-a1,psth.fs20-ld-st.fil-ref-psthfr.s_stategain.S_jk.nf20-basic,st.fil,ACTIVE_1,-0.03362852325934804,83.9,[0.85814583],[0.00628491],-0.05964073186097152,-0.20464385233104684,0.0,ACTIVE_1
28,btn008b-a1,psth.fs20-ld-st.fil-ref-psthfr.s_stategain.S_jk.nf20-basic,st.fil,ACTIVE_2,-0.07136900308673987,83.9,[0.85814583],[0.00628491],-0.13755881087604296,-0.4070655733624299,0.0,ACTIVE_2
29,btn008b-a1,psth.fs20-ld-st.fil-ref-psthfr.s_stategain.S_jk.nf20-basic,st.fil,PASSIVE_1,-0.1821577304607935,83.9,[0.85814583],[0.00628491],-0.5961554599132416,-0.7095665501957078,0.0,PASSIVE_1
30,mgc055a-a1,psth.fs20-ld-st.fil-ref-psthfr.s_stategain.S_jk.nf20-basic,st.fil,baseline,0.0,93.3,[0.63521422],[0.03597617],0.5991109245288582,1.3271362176050616,0.0,baseline
31,mgc055a-a1,psth.fs20-ld-st.fil-ref-psthfr.s_stategain.S_jk.nf20-basic,st.fil,ACTIVE_1,-0.22217753305246096,93.3,[0.63521422],[0.03597617],-0.20821080636062134,-0.6540347000664976,0.0,ACTIVE_1
32,mgc052e-b1,psth.fs20-ld-st.fil-ref-psthfr.s_stategain.S_jk.nf20-basic,st.fil,baseline,0.0,80.6,[0.98354234],[0.00235172],1.5870149974784793,1.0392979761282013,0.0,baseline
33,mgc052e-b1,psth.fs20-ld-st.fil-ref-psthfr.s_stategain.S_jk.nf20-basic,st.fil,ACTIVE_1,-2.1912363551824356e-05,80.6,[0.98354234],[0.00235172],0.30166903119449995,-0.07789277511850576,0.0,ACTIVE_1
34,mgc016d-b1,psth.fs20-ld-st.fil-ref-psthfr.s_stategain.S_jk.nf20-basic,st.fil,baseline,0.0,78.5,[0.5655421],[0.02532533],2.3853769202562045,1.1944893625044384,0.0,baseline
35,mgc016d-b1,psth.fs20-ld-st.fil-ref-psthfr.s_stategain.S_jk.nf20-basic,st.fil,ACTIVE_1,-0.07853397513302972,78.5,[0.5655421],[0.02532533],-0.3607670199205164,-0.38901284554606885,0.0,ACTIVE_1
36,mgc016e-b1,psth.fs20-ld-st.fil-ref-psthfr.s_stategain.S_jk.nf20-basic,st.fil,baseline,0.0,90.5,[0.9435323],[0.00662833],1.7335277861492024,1.1561043540241402,0.0,baseline
37,mgc016e-b1,psth.fs20-ld-st.fil-ref-psthfr.s_stategain.S_jk.nf20-basic,st.fil,ACTIVE_1,-0.020473889883843348,90.5,[0.9435323],[0.00662833],0.15462870740306037,-0.312228882526368,0.0,ACTIVE_1
38,btn073a-a1,psth.fs20-ld-st.fil-ref-psthfr.s_stategain.S_jk.nf20-basic,st.fil,baseline,0.0,85.9,[0.89513764],[0.00781371],0.9677972802299311,1.3558460010120066,0.0,baseline
39,btn073a-a1,psth.fs20-ld-st.fil-ref-psthfr.s_stategain.S_jk.nf20-basic,st.fil,ACTIVE_1,-0.13078894258949,85.9,[0.89513764],[0.00781371],0.06769811458420082,-0.7116260019145648,0.0,ACTIVE_1
40,btn073b-b1,psth.fs20-ld-st.fil-ref-psthfr.s_stategain.S_jk.nf20-basic,st.fil,baseline,0.0,88.8,[0.49511041],[0.02725158],0.4419171175547409,1.1394510749862135,0.0,baseline
41,btn073b-b1,psth.fs20-ld-st.fil-ref-psthfr.s_stategain.S_jk.nf20-basic,st.fil,ACTIVE_1,-0.038898267271130105,88.8,[0.49511041],[0.02725158],0.00173140006194207,-0.27897986798074687,0.0,ACTIVE_1
42,btn040c-b1,psth.fs20-ld-st.fil-ref-psthfr.s_stategain.S_jk.nf20-basic,st.fil,baseline,0.0,83.8,[0.82595301],[0.00898528],0.8545236685896385,0.7456006899207321,0.0,baseline
43,btn040c-b1,psth.fs20-ld-st.fil-ref-psthfr.s_stategain.S_jk.nf20-basic,st.fil,ACTIVE_1,0.19558212826368093,83.8,[0.82595301],[0.00898528],0.43059895020422473,0.3123989320237959,0.0,ACTIVE_1
44,btn040c-b1,psth.fs20-ld-st.fil-ref-psthfr.s_stategain.S_jk.nf20-basic,st.fil,ACTIVE_2,0.36510151252044987,83.8,[0.82595301],[0.00898528],1.0412478548440542,0.6680103742979797,0.0,ACTIVE_2
45,btn040c-b1,psth.fs20-ld-st.fil-ref-psthfr.s_stategain.S_jk.nf20-basic,st.fil,PASSIVE_1,0.23530686618077265,83.8,[0.82595301],[0.00898528],0.6555361021852767,0.03721417963798617,0.0,PASSIVE_1
46,btn018c-a1,psth.fs20-ld-st.fil-ref-psthfr.s_stategain.S_jk.nf20-basic,st.fil,baseline,0.0,90.4,[0.6824013],[0.01503949],0.6492581294110392,0.8069702509594416,0.0,baseline
47,btn018c-a1,psth.fs20-ld-st.fil-ref-psthfr.s_stategain.S_jk.nf20-basic,st.fil,ACTIVE_1,0.14824414236897238,90.4,[0.6824013],[0.01503949],0.20705786531304007,0.38601503867987064,0.0,ACTIVE_1
48,btn018d-a1,psth.fs20-ld-st.fil-ref-psthfr.s_stategain.S_jk.nf20-basic,st.fil,baseline,0.0,84.3,[0.5989111],[0.02045461],0.46715854347237656,1.0669008013179755,0.0,baseline
49,btn018d-a1,psth.fs20-ld-st.fil-ref-psthfr.s_stategain.S_jk.nf20-basic,st.fil,ACTIVE_1,0.04980522707202442,84.3,[0.5989111],[0.02045461],0.052346787607788194,-0.13379422363252996,0.0,ACTIVE_1
50,btn016b-b1,psth.fs20-ld-st.fil-ref-psthfr.s_stategain.S_jk.nf20-basic,st.fil,baseline,0.0,89.5,[0.92558983],[0.00742129],0.9623395030070443,1.1325172389170326,0.0,baseline
51,btn016b-b1,psth.fs20-ld-st.fil-ref-psthfr.s_stategain.S_jk.nf20-basic,st.fil,ACTIVE_1,0.0242029123540143,89.5,[0.92558983],[0.00742129],0.33651151356808284,-0.2358482395790192,0.0,ACTIVE_1
52,btn016b-b1,psth.fs20-ld-st.fil-ref-psthfr.s_stategain.S_jk.nf20-basic,st.fil,ACTIVE_2,0.008064373862724345,89.5,[0.92558983],[0.00742129],0.25113846317859756,-0.219853404939072,0.0,ACTIVE_2
53,btn016b-b1,psth.fs20-ld-st.fil-ref-psthfr.s_stategain.S_jk.nf20-basic,st.fil,PASSIVE_1,-0.044392271506377416,89.5,[0.92558983],[0.00742129],-0.10371562772102676,-0.07418492608961905,0.0,PASSIVE_1
54,btn016e-b1,psth.fs20-ld-st.fil-ref-psthfr.s_stategain.S_jk.nf20-basic,st.fil,baseline,0.0,80.7,[0.82814809],[0.02072194],1.0484208549438159,1.0234407755045363,0.0,baseline
55,btn016e-b1,psth.fs20-ld-st.fil-ref-psthfr.s_stategain.S_jk.nf20-basic,st.fil,ACTIVE_1,-0.1159248080740422,80.7,[0.82814809],[0.02072194],-0.28684509339911674,-0.14479875080579288,0.0,ACTIVE_1
56,btn009a-b1,psth.fs20-ld-st.fil-ref-psthfr.s_stategain.S_jk.nf20-basic,st.fil,baseline,0.0,85.0,[0.9670807],[0.00393907],0.576316988980483,1.1562092655446015,0.0,baseline
57,btn009a-b1,psth.fs20-ld-st.fil-ref-psthfr.s_stategain.S_jk.nf20-basic,st.fil,ACTIVE_1,-0.0665116398016667,85.0,[0.9670807],[0.00393907],0.15407692161687442,-0.3106806957704396,0.0,ACTIVE_1
58,btn003b-b1,psth.fs20-ld-st.fil-ref-psthfr.s_stategain.S_jk.nf20-basic,st.fil,baseline,0.0,90.1,[0.67740331],[0.0281282],1.4953219689311996,1.7175029342727182,0.0,baseline
59,btn003b-b1,psth.fs20-ld-st.fil-ref-psthfr.s_stategain.S_jk.nf20-basic,st.fil,ACTIVE_1,-0.31487512456150124,90.1,[0.67740331],[0.0281282],-0.7706771918118177,-1.4352005422547482,0.0,ACTIVE_1
60,mgc050b-b1,psth.fs20-ld-st.fil-ref-psthfr.s_stategain.S_jk.nf20-basic,st.fil,baseline,0.0,87.1,[0.89650945],[0.00693479],0.8924299474625033,0.9838079430938018,0.0,baseline
61,mgc050b-b1,psth.fs20-ld-st.fil-ref-psthfr.s_stategain.S_jk.nf20-basic,st.fil,ACTIVE_1,-0.007052526654080041,87.1,[0.89650945],[0.00693479],-0.044845228456615725,0.03239284102369967,0.0,ACTIVE_1
62,mgc049e-b1,psth.fs20-ld-st.fil-ref-psthfr.s_stategain.S_jk.nf20-basic,st.fil,baseline,0.0,79.3,[0.97318109],[0.00401814],0.1863163794599774,1.1818678478068096,0.0,baseline
63,mgc049e-b1,psth.fs20-ld-st.fil-ref-psthfr.s_stategain.S_jk.nf20-basic,st.fil,ACTIVE_1,-0.18254657537423036,79.3,[0.97318109],[0.00401814],-0.05926586805449304,-0.36376189551175747,0.0,ACTIVE_1
64,mgc038a-b1,psth.fs20-ld-st.fil-ref-psthfr.s_stategain.S_jk.nf20-basic,st.fil,baseline,0.0,96.3,[0.4960721],[0.02872649],1.3572358218841347,0.8054739514850093,0.0,baseline
65,mgc038a-b1,psth.fs20-ld-st.fil-ref-psthfr.s_stategain.S_jk.nf20-basic,st.fil,ACTIVE_0,0.08206030518703339,96.3,[0.4960721],[0.02872649],0.30448337447231744,0.3890298355738092,0.0,ACTIVE_0
66,mgc037b-a1,psth.fs20-ld-st.fil-ref-psthfr.s_stategain.S_jk.nf20-basic,st.fil,baseline,0.0,90.9,[0.95307489],[0.0029327],0.28637101430295775,1.2628610337925044,0.0,baseline
67,mgc037b-a1,psth.fs20-ld-st.fil-ref-psthfr.s_stategain.S_jk.nf20-basic,st.fil,ACTIVE_1,-0.1932886870750351,90.9,[0.95307489],[0.0029327],0.041704554299618044,-0.5257420574365439,0.0,ACTIVE_1
68,mgc031d-b1,psth.fs20-ld-st.fil-ref-psthfr.s_stategain.S_jk.nf20-basic,st.fil,baseline,0.0,84.8,[0.8189298],[0.02052103],3.143545125238231,0.6751674418533701,0.0,baseline
69,mgc031d-b1,psth.fs20-ld-st.fil-ref-psthfr.s_stategain.S_jk.nf20-basic,st.fil,ACTIVE_1,-0.19487309752024357,84.8,[0.8189298],[0.02052103],-1.0505068725929567,0.6496580783102325,0.0,ACTIVE_1
70,mgc028b-b1,psth.fs20-ld-st.fil-ref-psthfr.s_stategain.S_jk.nf20-basic,st.fil,baseline,0.0,89.4,[0.9628415],[0.00563634],1.1137299347770848,1.0893824811889707,0.0,baseline
71,mgc028b-b1,psth.fs20-ld-st.fil-ref-psthfr.s_stategain.S_jk.nf20-basic,st.fil,ACTIVE_0,-0.08063261329592361,89.4,[0.9628415],[0.00563634],-0.13410408657812806,-0.1788251925807547,0.0,ACTIVE_0
72,mgc015b-a1,psth.fs20-ld-st.fil-ref-psthfr.s_stategain.S_jk.nf20-basic,st.fil,baseline,0.0,96.0,[0.76803669],[0.01110315],1.0535742344581036,1.0870683578380185,0.0,baseline
73,mgc015b-a1,psth.fs20-ld-st.fil-ref-psthfr.s_stategain.S_jk.nf20-basic,st.fil,ACTIVE_1,-0.08807335396667383,96.0,[0.76803669],[0.01110315],-0.1712915027899215,-0.1741818083059493,0.0,ACTIVE_1
74,mgc013a-a1,psth.fs20-ld-st.fil-ref-psthfr.s_stategain.S_jk.nf20-basic,st.fil,baseline,0.0,91.0,[0.84616759],[0.00672513],1.6994585592940084,0.87496747632142,0.0,baseline
75,mgc013a-a1,psth.fs20-ld-st.fil-ref-psthfr.s_stategain.S_jk.nf20-basic,st.fil,ACTIVE_1,-0.293957558745448,91.0,[0.84616759],[0.00672513],-0.9437150243060903,0.00779067116720907,0.0,ACTIVE_1
76,mgc013a-a1,psth.fs20-ld-st.fil-ref-psthfr.s_stategain.S_jk.nf20-basic,st.fil,ACTIVE_2,-0.11065431082965765,91.0,[0.84616759],[0.00672513],-0.613093709716353,0.47404577508064233,0.0,ACTIVE_2
77,mgc013a-a1,psth.fs20-ld-st.fil-ref-psthfr.s_stategain.S_jk.nf20-basic,st.fil,PASSIVE_1,-0.1268850785190217,91.0,[0.84616759],[0.00672513],-0.45830954289642467,-0.01820845589377037,0.0,PASSIVE_1
78,mgc001c-a1,psth.fs20-ld-st.fil-ref-psthfr.s_stategain.S_jk.nf20-basic,st.fil,baseline,0.0,82.1,[0.68613575],[0.02013183],1.3015330089372417,0.9614608980025648,0.0,baseline
79,mgc001c-a1,psth.fs20-ld-st.fil-ref-psthfr.s_stategain.S_jk.nf20-basic,st.fil,ACTIVE_1,0.05601086812091172,82.1,[0.68613575],[0.02013183],0.012758361017911798,0.2837706592525803,0.0,ACTIVE_1
80,mgc001c-a1,psth.fs20-ld-st.fil-ref-psthfr.s_stategain.S_jk.nf20-basic,st.fil,ACTIVE_2,-0.008310273511923339,82.1,[0.68613575],[0.02013183],0.014729293901756235,-0.05981079180363662,0.0,ACTIVE_2
81,mgc001c-a1,psth.fs20-ld-st.fil-ref-psthfr.s_stategain.S_jk.nf20-basic,st.fil,PASSIVE_1,-0.007456413286651771,82.1,[0.68613575],[0.02013183],0.025921263878008742,-0.06928112644699472,0.0,PASSIVE_1
82,btn119b-b1,psth.fs20-ld-st.fil-ref-psthfr.s_stategain.S_jk.nf20-basic,st.fil,baseline,0.0,86.6,[0.79854985],[0.01333483],0.8500290291350943,1.1192029867160396,0.0,baseline
83,btn119b-b1,psth.fs20-ld-st.fil-ref-psthfr.s_stategain.S_jk.nf20-basic,st.fil,ACTIVE_1,-0.006599250767495449,86.6,[0.79854985],[0.01333483],0.07852861334061915,-0.16215700689062823,0.0,ACTIVE_1
84,btn119b-b1,psth.fs20-ld-st.fil-ref-psthfr.s_stategain.S_jk.nf20-basic,st.fil,ACTIVE_2,-0.07760692554270071,86.6,[0.79854985],[0.01333483],-0.16031128362907576,-0.0987662936792968,0.0,ACTIVE_2
85,btn119b-b1,psth.fs20-ld-st.fil-ref-psthfr.s_stategain.S_jk.nf20-basic,st.fil,PASSIVE_1,0.01250436420988019,86.6,[0.79854985],[0.01333483],0.16959542538568997,-0.21594913293847484,0.0,PASSIVE_1
86,mgc015a-a1,psth.fs20-ld-st.fil-ref-psthfr.s_stategain.S_jk.nf20-basic,st.fil,baseline,0.0,96.3,[0.90488464],[0.00432093],0.24016803189222963,0.9787626345126267,0.0,baseline
87,mgc015a-a1,psth.fs20-ld-st.fil-ref-psthfr.s_stategain.S_jk.nf20-basic,st.fil,ACTIVE_1,-0.07793270216861108,96.3,[0.90488464],[0.00432093],-0.1308792480923448,0.04246533633090075,0.0,ACTIVE_1
88,mgc008b-b1,psth.fs20-ld-st.fil-ref-psthfr.s_stategain.S_jk.nf20-basic,st.fil,baseline,0.0,95.1,[0.77417246],[0.0277286],2.414397148365482,0.6569465972374513,0.0,baseline
89,mgc008b-b1,psth.fs20-ld-st.fil-ref-psthfr.s_stategain.S_jk.nf20-basic,st.fil,ACTIVE_1,-0.32326807748710046,95.1,[0.77417246],[0.0277286],-1.3491820212293324,0.8016489453550015,0.0,ACTIVE_1
90,btn120a-b1,psth.fs20-ld-st.fil-ref-psthfr.s_stategain.S_jk.nf20-basic,st.fil,baseline,0.0,92.2,[0.95249937],[0.0040839],1.6634257527316467,1.0777048986516666,0.0,baseline
91,btn120a-b1,psth.fs20-ld-st.fil-ref-psthfr.s_stategain.S_jk.nf20-basic,st.fil,ACTIVE_1,0.005683262781347525,92.2,[0.95249937],[0.0040839],0.21277518584108743,-0.15045989521618752,0.0,ACTIVE_1
92,btn120a-b1,psth.fs20-ld-st.fil-ref-psthfr.s_stategain.S_jk.nf20-basic,st.fil,ACTIVE_2,0.034322559247337715,92.2,[0.95249937],[0.0040839],0.30805985280168,-0.0827131609489731,0.0,ACTIVE_2
93,btn123a-a1,psth.fs20-ld-st.fil-ref-psthfr.s_stategain.S_jk.nf20-basic,st.fil,baseline,0.0,93.5,[0.89662052],[0.0108804],0.45745957365571854,1.1058856259917331,0.0,baseline
94,btn123a-a1,psth.fs20-ld-st.fil-ref-psthfr.s_stategain.S_jk.nf20-basic,st.fil,ACTIVE_0,0.008097619249640033,93.5,[0.89662052],[0.0108804],0.07506298436442435,-0.18072319219052557,0.0,ACTIVE_0
95,btn123a-a1,psth.fs20-ld-st.fil-ref-psthfr.s_stategain.S_jk.nf20-basic,st.fil,ACTIVE_-1,0.008537758249560639,93.5,[0.89662052],[0.0108804],0.06004700583740452,-0.13488579513025162,0.0,ACTIVE_-1
96,btn143b-a1,psth.fs20-ld-st.fil-ref-psthfr.s_stategain.S_jk.nf20-basic,st.fil,baseline,0.0,87.9,[0.75326819],[0.00698109],2.0191473268039606,1.289589893393707,0.0,baseline
97,btn143b-a1,psth.fs20-ld-st.fil-ref-psthfr.s_stategain.S_jk.nf20-basic,st.fil,ACTIVE_1,-0.2931121065332111,87.9,[0.75326819],[0.00698109],-0.8910288865927602,-0.5727620463814677,0.0,ACTIVE_1
98,btn118a-b1,psth.fs20-ld-st.fil-ref-psthfr.s_stategain.S_jk.nf20-basic,st.fil,baseline,0.0,89.7,[0.93142212],[0.00317877],0.32737905647635956,1.4639165836666113,0.0,baseline
99,btn118a-b1,psth.fs20-ld-st.fil-ref-psthfr.s_stategain.S_jk.nf20-basic,st.fil,ACTIVE_1,-0.06440206680056688,89.7,[0.93142212],[0.00317877],0.8000290607596551,-0.7274641575826089,0.0,ACTIVE_1
100,btn118a-b1,psth.fs20-ld-st.fil-ref-psthfr.s_stategain.S_jk.nf20-basic,st.fil,ACTIVE_2,-0.09916150373650748,89.7,[0.93142212],[0.00317877],0.6489884376533394,-0.7282643020832521,0.0,ACTIVE_2
101,btn118a-b1,psth.fs20-ld-st.fil-ref-psthfr.s_stategain.S_jk.nf20-basic,st.fil,PASSIVE_1,-0.08981140768717284,89.7,[0.93142212],[0.00317877],0.1880775937553611,-0.39987929317091786,0.0,PASSIVE_1
102,btn142b-a1,psth.fs20-ld-st.fil-ref-psthfr.s_stategain.S_jk.nf20-basic,st.fil,baseline,0.0,93.5,[0.95535414],[0.00362152],0.4177146163025249,1.0186074126031146,0.0,baseline
103,btn142b-a1,psth.fs20-ld-st.fil-ref-psthfr.s_stategain.S_jk.nf20-basic,st.fil,ACTIVE_1,0.029950972070566503,93.5,[0.95535414],[0.00362152],0.15105251435975528,-0.03802194276736974,0.0,ACTIVE_1
104,btn134a-a1,psth.fs20-ld-st.fil-ref-psthfr.s_stategain.S_jk.nf20-basic,st.fil,baseline,0.0,88.4,[0.89696604],[0.00908782],0.8325081151140384,1.1887127373087183,0.0,baseline
105,btn134a-a1,psth.fs20-ld-st.fil-ref-psthfr.s_stategain.S_jk.nf20-basic,st.fil,ACTIVE_1,-0.21253691027091798,88.4,[0.89696604],[0.00908782],-0.20090936747845226,-0.47210200991515155,0.0,ACTIVE_1
106,btn139c-a1,psth.fs20-ld-st.fil-ref-psthfr.s_stategain.S_jk.nf20-basic,st.fil,baseline,0.0,84.5,[0.8424569],[0.01360756],0.6992260365792698,1.1869420326085265,0.0,baseline
107,btn139c-a1,psth.fs20-ld-st.fil-ref-psthfr.s_stategain.S_jk.nf20-basic,st.fil,ACTIVE_1,0.03696842913080257,84.5,[0.8424569],[0.01360756],0.273756701961451,-0.37396180529963613,0.0,ACTIVE_1
108,btn131a-a1,psth.fs20-ld-st.fil-ref-psthfr.s_stategain.S_jk.nf20-basic,st.fil,baseline,0.0,96.2,[0.84491658],[0.01152431],0.2486661614760966,0.8434873157222393,0.0,baseline
109,btn131a-a1,psth.fs20-ld-st.fil-ref-psthfr.s_stategain.S_jk.nf20-basic,st.fil,ACTIVE_1,0.20614990269826908,96.2,[0.84491658],[0.01152431],0.1737537074441298,0.3131009355178035,0.0,ACTIVE_1
110,btn111b-b1,psth.fs20-ld-st.fil-ref-psthfr.s_stategain.S_jk.nf20-basic,st.fil,baseline,0.0,99.7,[0.64831804],[0.02308509],0.12455831532635557,1.062927459378098,0.0,baseline
111,btn111b-b1,psth.fs20-ld-st.fil-ref-psthfr.s_stategain.S_jk.nf20-basic,st.fil,ACTIVE_1,0.1852939198846564,99.7,[0.64831804],[0.02308509],0.21768521097208837,-0.14741972504931367,0.0,ACTIVE_1
112,btn111b-b1,psth.fs20-ld-st.fil-ref-psthfr.s_stategain.S_jk.nf20-basic,st.fil,ACTIVE_2,0.0492454774195792,99.7,[0.64831804],[0.02308509],0.02866552394372775,0.04802625728283563,0.0,ACTIVE_2
113,btn111b-b1,psth.fs20-ld-st.fil-ref-psthfr.s_stategain.S_jk.nf20-basic,st.fil,PASSIVE_1,-0.09772824430209734,99.7,[0.64831804],[0.02308509],-0.03134490643909058,-0.1522112887628459,0.0,PASSIVE_1
114,btn112e-b1,psth.fs20-ld-st.fil-ref-psthfr.s_stategain.S_jk.nf20-basic,st.fil,baseline,0.0,74.6,[0.89304124],[0.00596767],5.123772169319041,1.0924810076979123,0.0,baseline
115,btn112e-b1,psth.fs20-ld-st.fil-ref-psthfr.s_stategain.S_jk.nf20-basic,st.fil,ACTIVE_0,-0.07810703191756205,74.6,[0.89304124],[0.00596767],-0.7724898387096835,-0.18811278417227906,0.0,ACTIVE_0
116,btn112e-b1,psth.fs20-ld-st.fil-ref-psthfr.s_stategain.S_jk.nf20-basic,st.fil,ACTIVE_1,-0.006511459901375267,74.6,[0.89304124],[0.00596767],-0.14215724934260374,-0.08932018676692718,0.0,ACTIVE_1
117,btn123b-a1,psth.fs20-ld-st.fil-ref-psthfr.s_stategain.S_jk.nf20-basic,st.fil,baseline,0.0,80.5,[0.81473069],[0.00815002],0.9282229594797478,0.8701736284072978,0.0,baseline
118,btn123b-a1,psth.fs20-ld-st.fil-ref-psthfr.s_stategain.S_jk.nf20-basic,st.fil,ACTIVE_1,0.01883075919127182,80.5,[0.81473069],[0.00815002],-0.05196474386910473,0.25965172758898014,0.0,ACTIVE_1
119,btn120b-b1,psth.fs20-ld-st.fil-ref-psthfr.s_stategain.S_jk.nf20-basic,st.fil,baseline,0.0,84.2,[0.8283801],[0.015283],0.7401228230742748,1.2647118703398095,0.0,baseline
120,btn120b-b1,psth.fs20-ld-st.fil-ref-psthfr.s_stategain.S_jk.nf20-basic,st.fil,ACTIVE_1,-0.20178055981989346,84.2,[0.8283801],[0.015283],-0.2118483702235554,-0.5276198061453845,0.0,ACTIVE_1
121,btn119a-b1,psth.fs20-ld-st.fil-ref-psthfr.s_stategain.S_jk.nf20-basic,st.fil,baseline,0.0,87.0,[0.87057487],[0.00782325],0.693789529512522,1.3436065900422622,0.0,baseline
122,btn119a-b1,psth.fs20-ld-st.fil-ref-psthfr.s_stategain.S_jk.nf20-basic,st.fil,ACTIVE_1,0.020774844720164012,87.0,[0.87057487],[0.00782325],0.5389361924118872,-0.801747586280176,0.0,ACTIVE_1
123,btn109c-a1,psth.fs20-ld-st.fil-ref-psthfr.s_stategain.S_jk.nf20-basic,st.fil,baseline,0.0,83.1,[0.27645743],[0.05552224],1.2207663979971324,1.0359655779171253,0.0,baseline
124,btn109c-a1,psth.fs20-ld-st.fil-ref-psthfr.s_stategain.S_jk.nf20-basic,st.fil,ACTIVE_1,-0.004978920801764975,83.1,[0.27645743],[0.05552224],-0.008220440432858233,-0.23018784399120343,0.0,ACTIVE_1
125,btn109c-a1,psth.fs20-ld-st.fil-ref-psthfr.s_stategain.S_jk.nf20-basic,st.fil,ACTIVE_2,-0.026469761678473428,83.1,[0.27645743],[0.05552224],-0.07221362263070116,0.03541006170814818,0.0,ACTIVE_2
126,btn109c-a1,psth.fs20-ld-st.fil-ref-psthfr.s_stategain.S_jk.nf20-basic,st.fil,PASSIVE_1,0.0053852578396456074,83.1,[0.27645743],[0.05552224],0.004241077093198995,-0.02459424088352893,0.0,PASSIVE_1
127,btn116a-b1,psth.fs20-ld-st.fil-ref-psthfr.s_stategain.S_jk.nf20-basic,st.fil,baseline,0.0,80.9,[0.92391914],[0.00421036],0.1463307322151634,1.0854608583481695,0.0,baseline
128,btn116a-b1,psth.fs20-ld-st.fil-ref-psthfr.s_stategain.S_jk.nf20-basic,st.fil,ACTIVE_0,0.05246960197693364,80.9,[0.92391914],[0.00421036],0.2806442569856218,-0.17089845961080985,0.0,ACTIVE_0
129,btn117f-a1,psth.fs20-ld-st.fil-ref-psthfr.s_stategain.S_jk.nf20-basic,st.fil,baseline,0.0,95.5,[0.80134363],[0.01049656],0.6601171072504091,1.2071027070409042,0.0,baseline
130,btn117f-a1,psth.fs20-ld-st.fil-ref-psthfr.s_stategain.S_jk.nf20-basic,st.fil,ACTIVE_0,-0.027633032814776873,95.5,[0.80134363],[0.01049656],0.07306775535526601,-0.4141145925116577,0.0,ACTIVE_0
131,btn104e-a1,psth.fs20-ld-st.fil-ref-psthfr.s_stategain.S_jk.nf20-basic,st.fil,baseline,0.0,92.4,[0.91865797],[0.003497],0.0792215250029902,0.9469067588075359,0.0,baseline
132,btn104e-a1,psth.fs20-ld-st.fil-ref-psthfr.s_stategain.S_jk.nf20-basic,st.fil,ACTIVE_1,0.1513934082029293,92.4,[0.91865797],[0.003497],0.1991600008438378,0.12152149813259601,0.0,ACTIVE_1
133,btn104e-a1,psth.fs20-ld-st.fil-ref-psthfr.s_stategain.S_jk.nf20-basic,st.fil,ACTIVE_2,0.19067526746397884,92.4,[0.91865797],[0.003497],0.22227481994028153,0.21204798538515118,0.0,ACTIVE_2
134,btn104e-a1,psth.fs20-ld-st.fil-ref-psthfr.s_stategain.S_jk.nf20-basic,st.fil,PASSIVE_1,0.037489837992350845,92.4,[0.91865797],[0.003497],0.1605977360552365,-0.12124716883568525,0.0,PASSIVE_1
135,btn112d-b1,psth.fs20-ld-st.fil-ref-psthfr.s_stategain.S_jk.nf20-basic,st.fil,baseline,0.0,75.7,[0.84257231],[0.00809462],2.463834648007576,1.1612685858242615,0.0,baseline
136,btn112d-b1,psth.fs20-ld-st.fil-ref-psthfr.s_stategain.S_jk.nf20-basic,st.fil,ACTIVE_1,-0.18660798994956967,75.7,[0.84257231],[0.00809462],-0.7442325365044112,-0.32241845954810044,0.0,ACTIVE_1
137,btn109b-b1,psth.fs20-ld-st.fil-ref-psthfr.s_stategain.S_jk.nf20-basic,st.fil,baseline,0.0,93.2,[0.79216864],[0.01328568],0.47608606240141277,1.422151087117024,0.0,baseline
138,btn109b-b1,psth.fs20-ld-st.fil-ref-psthfr.s_stategain.S_jk.nf20-basic,st.fil,ACTIVE_1,-0.4010649038918517,93.2,[0.79216864],[0.01328568],-0.2755084675720459,-0.8443093379140183,0.0,ACTIVE_1
139,btn105c-a1,psth.fs20-ld-st.fil-ref-psthfr.s_stategain.S_jk.nf20-basic,st.fil,baseline,0.0,88.6,[0.7895598],[0.01539212],0.6856843250344007,1.166769640443379,0.0,baseline
140,btn105c-a1,psth.fs20-ld-st.fil-ref-psthfr.s_stategain.S_jk.nf20-basic,st.fil,ACTIVE_1,-0.10026057856793437,88.6,[0.7895598],[0.01539212],-0.0957893941575051,-0.33352573097669913,0.0,ACTIVE_1
141,btn075c-b1,psth.fs20-ld-st.fil-ref-psthfr.s_stategain.S_jk.nf20-basic,st.fil,baseline,0.0,96.4,[0.80477708],[0.00905924],0.6416470434258776,0.962247563010618,0.0,baseline
142,btn075c-b1,psth.fs20-ld-st.fil-ref-psthfr.s_stategain.S_jk.nf20-basic,st.fil,ACTIVE_1,-0.012633004767378312,96.4,[0.80477708],[0.00905924],-0.03090820725133519,0.03961027911580926,0.0,ACTIVE_1
143,btn075c-b1,psth.fs20-ld-st.fil-ref-psthfr.s_stategain.S_jk.nf20-basic,st.fil,ACTIVE_2,0.00027347050282569454,96.4,[0.80477708],[0.00905924],-0.00827571990138247,0.038966001740205945,0.0,ACTIVE_2
144,btn075c-b1,psth.fs20-ld-st.fil-ref-psthfr.s_stategain.S_jk.nf20-basic,st.fil,PASSIVE_1,-0.0023618520095976215,96.4,[0.80477708],[0.00905924],-0.02080897864549303,0.07255680541730564,0.0,PASSIVE_1
145,btn075a-b1,psth.fs20-ld-st.fil-ref-psthfr.s_stategain.S_jk.nf20-basic,st.fil,baseline,0.0,92.7,[0.41577166],[0.03819744],1.7030939523057327,0.9914464436610704,0.0,baseline
146,btn075a-b1,psth.fs20-ld-st.fil-ref-psthfr.s_stategain.S_jk.nf20-basic,st.fil,ACTIVE_1,-0.04872538530353445,92.7,[0.41577166],[0.03819744],-0.05912505182660025,-0.5869512625791049,0.0,ACTIVE_1
147,btn075a-b1,psth.fs20-ld-st.fil-ref-psthfr.s_stategain.S_jk.nf20-basic,st.fil,ACTIVE_2,-0.036832774449051364,92.7,[0.41577166],[0.03819744],-0.21895708128245076,0.44238199638184206,0.0,ACTIVE_2
148,btn075a-b1,psth.fs20-ld-st.fil-ref-psthfr.s_stategain.S_jk.nf20-basic,st.fil,PASSIVE_1,0.016329471877939657,92.7,[0.41577166],[0.03819744],0.025775368302859793,0.1866994513125028,0.0,PASSIVE_1
149,btn097a-a1,psth.fs20-ld-st.fil-ref-psthfr.s_stategain.S_jk.nf20-basic,st.fil,baseline,0.0,89.2,[0.61962646],[0.01972339],0.6375006468831192,1.0847657740385173,0.0,baseline
150,btn097a-a1,psth.fs20-ld-st.fil-ref-psthfr.s_stategain.S_jk.nf20-basic,st.fil,ACTIVE_1,0.005388852375339913,89.2,[0.61962646],[0.01972339],0.04948403457371365,-0.16980065724696952,0.0,ACTIVE_1
151,btn095b-b1,psth.fs20-ld-st.fil-ref-psthfr.s_stategain.S_jk.nf20-basic,st.fil,baseline,0.0,86.8,[0.84481996],[0.00768874],0.7473765370174984,1.0656267443825251,0.0,baseline
152,btn095b-b1,psth.fs20-ld-st.fil-ref-psthfr.s_stategain.S_jk.nf20-basic,st.fil,ACTIVE_1,-0.04262722596943667,86.8,[0.84481996],[0.00768874],-0.023663429667935172,-0.13120491753725563,0.0,ACTIVE_1
153,btn073c-a1,psth.fs20-ld-st.fil-ref-psthfr.s_stategain.S_jk.nf20-basic,st.fil,baseline,0.0,84.3,[0.8633553],[0.01181424],1.541318590639365,1.2593477645564228,0.0,baseline
154,btn073c-a1,psth.fs20-ld-st.fil-ref-psthfr.s_stategain.S_jk.nf20-basic,st.fil,ACTIVE_1,-0.35023162871614477,84.3,[0.8633553],[0.01181424],-0.9217012122816837,-0.5271734038087539,0.0,ACTIVE_1
155,btn073c-a1,psth.fs20-ld-st.fil-ref-psthfr.s_stategain.S_jk.nf20-basic,st.fil,ACTIVE_2,-0.33365134644761296,84.3,[0.8633553],[0.01181424],-0.8265253316453238,-0.5584734154777794,0.0,ACTIVE_2
156,btn079d-b1,psth.fs20-ld-st.fil-ref-psthfr.s_stategain.S_jk.nf20-basic,st.fil,baseline,0.0,84.3,[0.93759427],[0.00206149],0.26642695750446577,0.4730924314319152,0.0,baseline
157,btn079d-b1,psth.fs20-ld-st.fil-ref-psthfr.s_stategain.S_jk.nf20-basic,st.fil,ACTIVE_1,-0.5542818581663579,84.3,[0.93759427],[0.00206149],-0.18223389971659124,-0.39639494762209815,0.0,ACTIVE_1
158,btn079d-b1,psth.fs20-ld-st.fil-ref-psthfr.s_stategain.S_jk.nf20-basic,st.fil,PASSIVE_1,0.694886521046795,84.3,[0.93759427],[0.00206149],1.3141266161581422,1.378818763987954,0.0,PASSIVE_1
159,btn079d-b1,psth.fs20-ld-st.fil-ref-psthfr.s_stategain.S_jk.nf20-basic,st.fil,ACTIVE_2,0.6898714600445518,84.3,[0.93759427],[0.00206149],1.3124148027149163,1.125016475344338,0.0,ACTIVE_2
160,btn088b-a1,psth.fs20-ld-st.fil-ref-psthfr.s_stategain.S_jk.nf20-basic,st.fil,baseline,0.0,93.6,[0.6716098],[0.01201883],1.1681199567222795,1.1645960158383528,0.0,baseline
161,btn088b-a1,psth.fs20-ld-st.fil-ref-psthfr.s_stategain.S_jk.nf20-basic,st.fil,ACTIVE_1,0.0366292938133305,93.6,[0.6716098],[0.01201883],0.19882955817826545,-0.3840201488787399,0.0,ACTIVE_1
162,btn086c-a1,psth.fs20-ld-st.fil-ref-psthfr.s_stategain.S_jk.nf20-basic,st.fil,baseline,0.0,97.0,[0.94817756],[0.00374954],0.5998422819143188,1.0042051286968219,0.0,baseline
163,btn086c-a1,psth.fs20-ld-st.fil-ref-psthfr.s_stategain.S_jk.nf20-basic,st.fil,ACTIVE_1,-0.04894224342605226,97.0,[0.94817756],[0.00374954],-0.12968075737211318,-0.008414089699443588,0.0,ACTIVE_1
164,btn077a-a1,psth.fs20-ld-st.fil-ref-psthfr.s_stategain.S_jk.nf20-basic,st.fil,baseline,0.0,93.2,[0.62586743],[0.01910837],0.5518001369218087,1.1459320826241248,0.0,baseline
165,btn077a-a1,psth.fs20-ld-st.fil-ref-psthfr.s_stategain.S_jk.nf20-basic,st.fil,ACTIVE_1,0.011894355401745377,93.2,[0.62586743],[0.01910837],-0.016916018481637714,-0.2917884071499544,0.0,ACTIVE_1
166,btn079e-b1,psth.fs20-ld-st.fil-ref-psthfr.s_stategain.S_jk.nf20-basic,st.fil,baseline,0.0,98.7,[0.91579457],[0.00833544],0.07645996260451332,0.9418726913152933,0.0,baseline
167,btn079e-b1,psth.fs20-ld-st.fil-ref-psthfr.s_stategain.S_jk.nf20-basic,st.fil,ACTIVE_1,0.06550346010964923,98.7,[0.91579457],[0.00833544],0.01939601144291612,0.12735675655133738,0.0,ACTIVE_1
168,btn074e-b1,psth.fs20-ld-st.fil-ref-psthfr.s_stategain.S_jk.nf20-basic,st.fil,baseline,0.0,82.4,[0.96844254],[0.00214216],0.7113320587486853,1.0538006517994842,0.0,baseline
169,btn074e-b1,psth.fs20-ld-st.fil-ref-psthfr.s_stategain.S_jk.nf20-basic,st.fil,ACTIVE_0,-0.09267466279341459,82.4,[0.96844254],[0.00214216],-0.21652600483204026,-0.1249643892152457,0.0,ACTIVE_0
170,btn074e-b1,psth.fs20-ld-st.fil-ref-psthfr.s_stategain.S_jk.nf20-basic,st.fil,ACTIVE_-1,-0.026921422506032487,82.4,[0.96844254],[0.00214216],-0.07086054572489738,-0.03639060355086303,0.0,ACTIVE_-1
171,btn012c-b1,psth.fs20-ld-st.fil-ref-psthfr.s_stategain.S_jk.nf20-basic,st.fil,baseline,0.0,77.6,[0.80053103],[0.00650589],1.9371749486379148,2.9348879686107536,0.0,baseline
172,btn012c-b1,psth.fs20-ld-st.fil-ref-psthfr.s_stategain.S_jk.nf20-basic,st.fil,ACTIVE_1,-0.052784851725056814,77.6,[0.80053103],[0.00650589],-0.007955015684632919,-1.5543496270337673,0.0,ACTIVE_1
173,btn012c-b1,psth.fs20-ld-st.fil-ref-psthfr.s_stategain.S_jk.nf20-basic,st.fil,PASSIVE_1,-0.09058665511850862,77.6,[0.80053103],[0.00650589],-0.16005339311047656,-1.5739902303142348,0.0,PASSIVE_1
174,btn012c-b1,psth.fs20-ld-st.fil-ref-psthfr.s_stategain.S_jk.nf20-basic,st.fil,ACTIVE_2,-0.4426209290141715,77.6,[0.80053103],[0.00650589],-1.1484561132240259,-2.0364056587656316,0.0,ACTIVE_2
175,btn012c-b1,psth.fs20-ld-st.fil-ref-psthfr.s_stategain.S_jk.nf20-basic,st.fil,ACTIVE_3,-0.3153268797964751,77.6,[0.80053103],[0.00650589],-0.7256660737531095,-2.855975029916199,0.0,ACTIVE_3
176,btn012c-b1,psth.fs20-ld-st.fil-ref-psthfr.s_stategain.S_jk.nf20-basic,st.fil,PASSIVE_2,-0.48732246463950957,77.6,[0.80053103],[0.00650589],-1.2193078981086491,-2.240392479166631,0.0,PASSIVE_2
177,btn012c-a1,psth.fs20-ld-st.fil-ref-psthfr.s_stategain.S_jk.nf20-basic,st.fil,baseline,0.0,89.9,[0.93490973],[0.00553312],0.12448782536304989,0.047602277772972164,0.0,baseline
178,btn012c-a1,psth.fs20-ld-st.fil-ref-psthfr.s_stategain.S_jk.nf20-basic,st.fil,ACTIVE_1,0.8193835630583628,89.9,[0.93490973],[0.00553312],1.1114013749368286,0.5472216061609406,0.0,ACTIVE_1
179,btn012c-a1,psth.fs20-ld-st.fil-ref-psthfr.s_stategain.S_jk.nf20-basic,st.fil,PASSIVE_1,0.9167684270432328,89.9,[0.93490973],[0.00553312],2.7422847282246896,0.9928871645902317,0.0,PASSIVE_1
180,btn012c-a1,psth.fs20-ld-st.fil-ref-psthfr.s_stategain.S_jk.nf20-basic,st.fil,ACTIVE_2,0.9201357666082411,89.9,[0.93490973],[0.00553312],2.8829670802797027,0.9228637970371437,0.0,ACTIVE_2
181,btn012c-a1,psth.fs20-ld-st.fil-ref-psthfr.s_stategain.S_jk.nf20-basic,st.fil,ACTIVE_3,0.9216918665024397,89.9,[0.93490973],[0.00553312],2.9366791690351635,1.0132920221569601,0.0,ACTIVE_3
182,btn012c-a1,psth.fs20-ld-st.fil-ref-psthfr.s_stategain.S_jk.nf20-basic,st.fil,PASSIVE_2,0.921488841707762,89.9,[0.93490973],[0.00553312],2.9132118202329598,1.1287504812827158,0.0,PASSIVE_2
183,btn071c-a1,psth.fs20-ld-st.fil-ref-psthfr.s_stategain.S_jk.nf20-basic,st.fil,baseline,0.0,91.3,[0.6670638],[0.01332829],1.8767474671476019,1.2712813139634023,0.0,baseline
184,btn071c-a1,psth.fs20-ld-st.fil-ref-psthfr.s_stategain.S_jk.nf20-basic,st.fil,ACTIVE_0,-0.3197597074530794,91.3,[0.6670638],[0.01332829],-0.9101735974486249,-0.5424611384717044,0.0,ACTIVE_0
185,btn072d-a1,psth.fs20-ld-st.fil-ref-psthfr.s_stategain.S_jk.nf20-basic,st.fil,baseline,0.0,85.7,[0.85576214],[0.00784717],2.363384298749383,0.907641954503263,0.0,baseline
186,btn072d-a1,psth.fs20-ld-st.fil-ref-psthfr.s_stategain.S_jk.nf20-basic,st.fil,ACTIVE_1,-0.034463702384799906,85.7,[0.85576214],[0.00784717],-0.016735340493147365,0.18474295174704466,0.0,ACTIVE_1
187,btn070a-b1,psth.fs20-ld-st.fil-ref-psthfr.s_stategain.S_jk.nf20-basic,st.fil,baseline,0.0,84.6,[0.65764241],[0.01847731],1.0023475915314892,1.2210984187123968,0.0,baseline
188,btn070a-b1,psth.fs20-ld-st.fil-ref-psthfr.s_stategain.S_jk.nf20-basic,st.fil,ACTIVE_1,-0.34690214772542177,84.6,[0.65764241],[0.01847731],-0.502039044238725,-0.43820030116409414,0.0,ACTIVE_1
189,btn069b-a1,psth.fs20-ld-st.fil-ref-psthfr.s_stategain.S_jk.nf20-basic,st.fil,baseline,0.0,95.8,[0.9194258],[0.00341141],0.41449671776786856,1.2003736719480034,0.0,baseline
190,btn069b-a1,psth.fs20-ld-st.fil-ref-psthfr.s_stategain.S_jk.nf20-basic,st.fil,ACTIVE_1,-0.25326658396024265,95.8,[0.9194258],[0.00341141],-0.22689333411350274,-0.40060918115407873,0.0,ACTIVE_1
191,btn019c-a1,psth.fs20-ld-st.fil-ref-psthfr.s_stategain.S_jk.nf20-basic,st.fil,baseline,0.0,78.7,[0.96592558],[0.00176533],0.6055479010578645,0.8094244478090176,0.0,baseline
192,btn019c-a1,psth.fs20-ld-st.fil-ref-psthfr.s_stategain.S_jk.nf20-basic,st.fil,ACTIVE_1,0.10264886640085295,78.7,[0.96592558],[0.00176533],0.18379347735890275,0.14965253528273745,0.0,ACTIVE_1
193,btn019c-a1,psth.fs20-ld-st.fil-ref-psthfr.s_stategain.S_jk.nf20-basic,st.fil,ACTIVE_2,0.12229460925454085,78.7,[0.96592558],[0.00176533],0.1454015090315602,0.2437783504526823,0.0,ACTIVE_2
194,btn019c-a1,psth.fs20-ld-st.fil-ref-psthfr.s_stategain.S_jk.nf20-basic,st.fil,PASSIVE_1,0.11903167844663635,78.7,[0.96592558],[0.00176533],-0.027935816996975144,0.36884533858929924,0.0,PASSIVE_1
195,btn062c-a1,psth.fs20-ld-st.fil-ref-psthfr.s_stategain.S_jk.nf20-basic,st.fil,baseline,0.0,91.9,[0.67107074],[0.01737554],0.4648440718003727,1.040504687717687,0.0,baseline
196,btn062c-a1,psth.fs20-ld-st.fil-ref-psthfr.s_stategain.S_jk.nf20-basic,st.fil,ACTIVE_1,-0.09749360609933887,91.9,[0.67107074],[0.01737554],-0.1308655316247746,-0.08091701499347083,0.0,ACTIVE_1
197,btn062a-a1,psth.fs20-ld-st.fil-ref-psthfr.s_stategain.S_jk.nf20-basic,st.fil,baseline,0.0,86.9,[0.71101008],[0.02281401],2.1906948144292913,1.0931365999740281,0.0,baseline
198,btn062a-a1,psth.fs20-ld-st.fil-ref-psthfr.s_stategain.S_jk.nf20-basic,st.fil,ACTIVE_0,0.055662933274766256,86.9,[0.71101008],[0.02281401],0.33827991469872637,-0.14659167734983553,0.0,ACTIVE_0
199,btn060a-a1,psth.fs20-ld-st.fil-ref-psthfr.s_stategain.S_jk.nf20-basic,st.fil,baseline,0.0,93.7,[0.93610204],[0.00635725],0.5339231052679237,0.9757259297204681,0.0,baseline
200,btn060a-a1,psth.fs20-ld-st.fil-ref-psthfr.s_stategain.S_jk.nf20-basic,st.fil,ACTIVE_0,0.08477412685839308,93.7,[0.93610204],[0.00635725],0.35231064343140084,0.04850617690220976,0.0,ACTIVE_0
201,btn059b-a1,psth.fs20-ld-st.fil-ref-psthfr.s_stategain.S_jk.nf20-basic,st.fil,baseline,0.0,85.3,[0.65263258],[0.02077172],2.093416545219335,1.1975343386240938,0.0,baseline
202,btn059b-a1,psth.fs20-ld-st.fil-ref-psthfr.s_stategain.S_jk.nf20-basic,st.fil,ACTIVE_1,-0.015436221131929106,85.3,[0.65263258],[0.02077172],-0.19681821290697873,-0.39502847978541705,0.0,ACTIVE_1
203,btn054b-a1,psth.fs20-ld-st.fil-ref-psthfr.s_stategain.S_jk.nf20-basic,st.fil,baseline,0.0,88.9,[0.8770038],[0.00926248],0.5212995256159353,1.0525341356157676,0.0,baseline
204,btn054b-a1,psth.fs20-ld-st.fil-ref-psthfr.s_stategain.S_jk.nf20-basic,st.fil,ACTIVE_1,0.0665411058421953,88.9,[0.8770038],[0.00926248],0.2785029520106229,-0.10503820614014052,0.0,ACTIVE_1
205,btn029a-b1,psth.fs20-ld-st.fil-ref-psthfr.s_stategain.S_jk.nf20-basic,st.fil,baseline,0.0,89.5,[0.91466771],[0.00421744],1.257106721120143,0.9425295546654825,0.0,baseline
206,btn029a-b1,psth.fs20-ld-st.fil-ref-psthfr.s_stategain.S_jk.nf20-basic,st.fil,ACTIVE_1,0.014949923772627445,89.5,[0.91466771],[0.00421744],-0.024232113246590564,0.11491627014644279,0.0,ACTIVE_1
207,btn030a-b1,psth.fs20-ld-st.fil-ref-psthfr.s_stategain.S_jk.nf20-basic,st.fil,baseline,0.0,83.5,[0.84148077],[0.00997885],1.200226053965825,1.1036666165275775,0.0,baseline
208,btn030a-b1,psth.fs20-ld-st.fil-ref-psthfr.s_stategain.S_jk.nf20-basic,st.fil,ACTIVE_1,-0.0027387359208807514,83.5,[0.84148077],[0.00997885],0.05627276196584494,-0.21336750402181198,0.0,ACTIVE_1
209,btn015g-a1,psth.fs20-ld-st.fil-ref-psthfr.s_stategain.S_jk.nf20-basic,st.fil,baseline,0.0,96.4,[0.58916098],[0.01751576],1.1599350693810788,1.561633822929838,0.0,baseline
210,btn015g-a1,psth.fs20-ld-st.fil-ref-psthfr.s_stategain.S_jk.nf20-basic,st.fil,ACTIVE_1,-0.461025170419142,96.4,[0.58916098],[0.01751576],-0.7248794791832973,-1.1348895025030274,0.0,ACTIVE_1
211,btn014b-a1,psth.fs20-ld-st.fil-ref-psthfr.s_stategain.S_jk.nf20-basic,st.fil,baseline,0.0,77.6,[0.70253943],[0.01714129],3.5427460458937956,0.98190914623993,0.0,baseline
212,btn014b-a1,psth.fs20-ld-st.fil-ref-psthfr.s_stategain.S_jk.nf20-basic,st.fil,ACTIVE_1,0.049071575878717695,77.6,[0.70253943],[0.01714129],0.3478507284411323,0.036159362100775506,0.0,ACTIVE_1
213,btn015d-b1,psth.fs20-ld-st.fil-ref-psthfr.s_stategain.S_jk.nf20-basic,st.fil,baseline,0.0,96.1,[0.87292346],[0.00782805],0.09156468551413571,0.876070072376814,0.0,baseline
214,btn015d-b1,psth.fs20-ld-st.fil-ref-psthfr.s_stategain.S_jk.nf20-basic,st.fil,ACTIVE_1,0.2775592558071636,96.1,[0.87292346],[0.00782805],0.19688330665380555,0.24779596259251524,0.0,ACTIVE_1
215,btn009b-b1,psth.fs20-ld-st.fil-ref-psthfr.s_stategain.S_jk.nf20-basic,st.fil,baseline,0.0,86.6,[0.75592108],[0.01716107],0.7188641310582382,1.1042706596512675,0.0,baseline
216,btn009b-b1,psth.fs20-ld-st.fil-ref-psthfr.s_stategain.S_jk.nf20-basic,st.fil,ACTIVE_1,-0.3003657846246445,86.6,[0.75592108],[0.01716107],-0.3377301631840711,-0.2085310610551297,0.0,ACTIVE_1
217,btn006a-b1,psth.fs20-ld-st.fil-ref-psthfr.s_stategain.S_jk.nf20-basic,st.fil,baseline,0.0,79.3,[0.90274354],[0.01234043],0.6154827237972218,1.4672789128099495,0.0,baseline
218,btn006a-b1,psth.fs20-ld-st.fil-ref-psthfr.s_stategain.S_jk.nf20-basic,st.fil,ACTIVE_1,-0.44669315950316185,79.3,[0.90274354],[0.01234043],-0.3598505805274335,-0.934566301491435,0.0,ACTIVE_1
219,btn105a-a1,psth.fs20-ld-st.fil-ref-psthfr.s_stategain.S_jk.nf20-basic,st.fil,baseline,0.0,97.6,[0.57000851],[0.02144347],0.9385326601014661,1.054991389704567,0.0,baseline
220,btn105a-a1,psth.fs20-ld-st.fil-ref-psthfr.s_stategain.S_jk.nf20-basic,st.fil,ACTIVE_1,0.0735296823386358,97.6,[0.57000851],[0.02144347],0.1295725707105325,-0.11008339679724324,0.0,ACTIVE_1
221,btn008b-a1,psth.fs20-ld-st.fil0-ref-psthfr.s_stategain.S_jk.nf20-basic,st.fil0,baseline,0.0,83.9,[0.791958],[0.00966595],2.8905920676199712,1.0072613984936505,0.0,baseline
222,btn008b-a1,psth.fs20-ld-st.fil0-ref-psthfr.s_stategain.S_jk.nf20-basic,st.fil0,ACTIVE_1,-2.9973418342855453e-05,83.9,[0.791958],[0.00966595],0.010620700963515766,-0.012414380893673997,0.0,ACTIVE_1
223,btn008b-a1,psth.fs20-ld-st.fil0-ref-psthfr.s_stategain.S_jk.nf20-basic,st.fil0,ACTIVE_2,-4.789961600477465e-05,83.9,[0.791958],[0.00966595],0.04744106152904685,-0.015079034703738729,0.0,ACTIVE_2
224,btn008b-a1,psth.fs20-ld-st.fil0-ref-psthfr.s_stategain.S_jk.nf20-basic,st.fil0,PASSIVE_1,-3.733132172940261e-05,83.9,[0.791958],[0.00966595],-0.031362237082865715,0.006043743759784051,0.0,PASSIVE_1
225,btn003c-b1,psth.fs20-ld-st.fil0-ref-psthfr.s_stategain.S_jk.nf20-basic,st.fil0,baseline,0.0,99.5,[0.66675998],[0.01075245],0.8732749278870473,1.0172308160437982,0.0,baseline
226,btn003c-b1,psth.fs20-ld-st.fil0-ref-psthfr.s_stategain.S_jk.nf20-basic,st.fil0,ACTIVE_1,-0.0002656783301534039,99.5,[0.66675998],[0.01075245],-0.008243152238293123,-0.02432447791051558,0.0,ACTIVE_1
227,btn003c-b1,psth.fs20-ld-st.fil0-ref-psthfr.s_stategain.S_jk.nf20-basic,st.fil0,ACTIVE_2,-0.0007401120613576994,99.5,[0.66675998],[0.01075245],-0.022505719703998506,-0.036962645615913746,0.0,ACTIVE_2
228,btn003c-b1,psth.fs20-ld-st.fil0-ref-psthfr.s_stategain.S_jk.nf20-basic,st.fil0,PASSIVE_1,-0.00026359338190573345,99.5,[0.66675998],[0.01075245],0.015188350587649075,0.005673811989155028,0.0,PASSIVE_1
229,btn114d-b1,psth.fs20-ld-st.fil0-ref-psthfr.s_stategain.S_jk.nf20-basic,st.fil0,baseline,0.0,82.9,[0.77175054],[0.01257468],0.6617631645988736,0.9937747461389801,0.0,baseline
230,btn114d-b1,psth.fs20-ld-st.fil0-ref-psthfr.s_stategain.S_jk.nf20-basic,st.fil0,ACTIVE_1,0.001617937367578878,82.9,[0.77175054],[0.01257468],-0.0006945634780763327,0.004851955121922044,0.0,ACTIVE_1
231,btn114d-b1,psth.fs20-ld-st.fil0-ref-psthfr.s_stategain.S_jk.nf20-basic,st.fil0,ACTIVE_2,0.00026467028937868085,82.9,[0.77175054],[0.01257468],0.012713106690914999,-0.014814747566424957,0.0,ACTIVE_2
232,btn114d-b1,psth.fs20-ld-st.fil0-ref-psthfr.s_stategain.S_jk.nf20-basic,st.fil0,PASSIVE_1,0.0002376928882794858,82.9,[0.77175054],[0.01257468],-0.006037792663237977,0.04832414262884557,0.0,PASSIVE_1
233,btn142b-a1,psth.fs20-ld-st.fil0-ref-psthfr.s_stategain.S_jk.nf20-basic,st.fil0,baseline,0.0,93.5,[0.95485721],[0.00361088],0.5202872968091975,1.0014251459631147,0.0,baseline
234,btn142b-a1,psth.fs20-ld-st.fil0-ref-psthfr.s_stategain.S_jk.nf20-basic,st.fil0,ACTIVE_1,-0.0011980930132713384,93.5,[0.95485721],[0.00361088],-0.035163077415027784,-0.002122431780531768,0.0,ACTIVE_1
235,btn139c-a1,psth.fs20-ld-st.fil0-ref-psthfr.s_stategain.S_jk.nf20-basic,st.fil0,baseline,0.0,84.5,[0.82737684],[0.01394286],0.8512236357514009,0.9788711373358883,0.0,baseline
236,btn139c-a1,psth.fs20-ld-st.fil0-ref-psthfr.s_stategain.S_jk.nf20-basic,st.fil0,ACTIVE_1,0.0005065393898843711,84.5,[0.82737684],[0.01394286],-0.024096540699013704,0.03393776946785314,0.0,ACTIVE_1
237,btn114b-b1,psth.fs20-ld-st.fil0-ref-psthfr.s_stategain.S_jk.nf20-basic,st.fil0,baseline,0.0,72.5,[0.75744437],[0.01266189],0.5411993148015709,1.0216843935605047,0.0,baseline
238,btn114b-b1,psth.fs20-ld-st.fil0-ref-psthfr.s_stategain.S_jk.nf20-basic,st.fil0,ACTIVE_1,0.00011554088275420534,72.5,[0.75744437],[0.01266189],0.012600614678603201,-0.03291519141401336,0.0,ACTIVE_1
239,btn011c-b1,psth.fs20-ld-st.fil0-ref-psthfr.s_stategain.S_jk.nf20-basic,st.fil0,baseline,0.0,81.3,[0.60194325],[0.01348921],1.0143635233660426,1.0220066905911556,0.0,baseline
240,btn011c-b1,psth.fs20-ld-st.fil0-ref-psthfr.s_stategain.S_jk.nf20-basic,st.fil0,ACTIVE_1,8.968957805045432e-05,81.3,[0.60194325],[0.01348921],0.0009694940667858868,-0.03392428945646918,0.0,ACTIVE_1
241,btn011a-b1,psth.fs20-ld-st.fil0-ref-psthfr.s_stategain.S_jk.nf20-basic,st.fil0,baseline,0.0,90.4,[0.62621789],[0.01693158],2.4984589543238545,1.0191065876484005,0.0,baseline
242,btn011a-b1,psth.fs20-ld-st.fil0-ref-psthfr.s_stategain.S_jk.nf20-basic,st.fil0,ACTIVE_1,8.942912831652074e-05,90.4,[0.62621789],[0.01693158],0.061444247305226574,-0.029221618698118866,0.0,ACTIVE_1
243,btn037a-b1,psth.fs20-ld-st.fil0-ref-psthfr.s_stategain.S_jk.nf20-basic,st.fil0,baseline,0.0,94.9,[0.86414961],[0.00695327],1.0576411841957278,1.0035137719094878,0.0,baseline
244,btn037a-b1,psth.fs20-ld-st.fil0-ref-psthfr.s_stategain.S_jk.nf20-basic,st.fil0,ACTIVE_1,-7.140943482226086e-05,94.9,[0.86414961],[0.00695327],0.03012961750194394,-0.005190308186065659,0.0,ACTIVE_1
245,btn013c-b1,psth.fs20-ld-st.fil0-ref-psthfr.s_stategain.S_jk.nf20-basic,st.fil0,baseline,0.0,94.8,[0.92417867],[0.00469405],0.43937957923399473,1.0037301871992503,0.0,baseline
246,btn013c-b1,psth.fs20-ld-st.fil0-ref-psthfr.s_stategain.S_jk.nf20-basic,st.fil0,ACTIVE_1,-0.00020074295538599366,94.8,[0.92417867],[0.00469405],0.010806030914714274,0.0002082035056982803,0.0,ACTIVE_1
247,btn013c-b1,psth.fs20-ld-st.fil0-ref-psthfr.s_stategain.S_jk.nf20-basic,st.fil0,ACTIVE_2,-0.00026634968952467546,94.8,[0.92417867],[0.00469405],0.013023325920143694,-0.019628905294451902,0.0,ACTIVE_2
248,btn013c-b1,psth.fs20-ld-st.fil0-ref-psthfr.s_stategain.S_jk.nf20-basic,st.fil0,PASSIVE_1,-0.00040347931684806703,94.8,[0.92417867],[0.00469405],-0.007897723639630604,0.0068639224391045485,0.0,PASSIVE_1
249,btn015b-b1,psth.fs20-ld-st.fil0-ref-psthfr.s_stategain.S_jk.nf20-basic,st.fil0,baseline,0.0,91.3,[0.86314612],[0.00845626],0.8978216446038356,0.9753095538989068,0.0,baseline
250,btn015b-b1,psth.fs20-ld-st.fil0-ref-psthfr.s_stategain.S_jk.nf20-basic,st.fil0,ACTIVE_1,0.00021365371166744964,91.3,[0.86314612],[0.00845626],-0.03515018267929924,0.03399819721305551,0.0,ACTIVE_1
251,mgc055a-a1,psth.fs20-ld-st.fil0-ref-psthfr.s_stategain.S_jk.nf20-basic,st.fil0,baseline,0.0,93.3,[0.52472947],[0.02850006],0.4920919296140166,0.9438551154378775,0.0,baseline
252,mgc055a-a1,psth.fs20-ld-st.fil0-ref-psthfr.s_stategain.S_jk.nf20-basic,st.fil0,ACTIVE_1,0.00013968929746081075,93.3,[0.52472947],[0.02850006],0.0037610863371763887,0.07721590508711897,0.0,ACTIVE_1
253,mgc050b-b1,psth.fs20-ld-st.fil0-ref-psthfr.s_stategain.S_jk.nf20-basic,st.fil0,baseline,0.0,87.1,[0.89673863],[0.00697759],0.873571361883277,0.9894994218300459,0.0,baseline
254,mgc050b-b1,psth.fs20-ld-st.fil0-ref-psthfr.s_stategain.S_jk.nf20-basic,st.fil0,ACTIVE_1,7.323105655782788e-05,87.1,[0.89673863],[0.00697759],-0.005393523992738608,0.01575187295784373,0.0,ACTIVE_1
255,mgc016e-b1,psth.fs20-ld-st.fil0-ref-psthfr.s_stategain.S_jk.nf20-basic,st.fil0,baseline,0.0,90.5,[0.93166743],[0.00598592],1.8223271952507112,0.9870807782107601,0.0,baseline
256,mgc016e-b1,psth.fs20-ld-st.fil0-ref-psthfr.s_stategain.S_jk.nf20-basic,st.fil0,ACTIVE_1,-2.7109841398422687e-05,90.5,[0.93166743],[0.00598592],-0.020132324933118388,0.02211834805454669,0.0,ACTIVE_1
257,mgc028b-b1,psth.fs20-ld-st.fil0-ref-psthfr.s_stategain.S_jk.nf20-basic,st.fil0,baseline,0.0,89.4,[0.95324692],[0.00754532],1.0030779578543263,1.0104428232404707,0.0,baseline
258,mgc028b-b1,psth.fs20-ld-st.fil0-ref-psthfr.s_stategain.S_jk.nf20-basic,st.fil0,ACTIVE_0,0.0003450551744054121,89.4,[0.95324692],[0.00754532],0.06838501421440403,-0.016274591023531945,0.0,ACTIVE_0
259,btn073a-a1,psth.fs20-ld-st.fil0-ref-psthfr.s_stategain.S_jk.nf20-basic,st.fil0,baseline,0.0,85.9,[0.82526126],[0.00577543],1.0061843473640875,1.0034772652269826,0.0,baseline
260,btn073a-a1,psth.fs20-ld-st.fil0-ref-psthfr.s_stategain.S_jk.nf20-basic,st.fil0,ACTIVE_1,3.997972877970923e-05,85.9,[0.82526126],[0.00577543],-0.0055980331101103484,-0.004160343188963475,0.0,ACTIVE_1
261,btn073b-b1,psth.fs20-ld-st.fil0-ref-psthfr.s_stategain.S_jk.nf20-basic,st.fil0,baseline,0.0,88.8,[0.48940527],[0.02684442],0.43910160565856354,1.0188463437708495,0.0,baseline
262,btn073b-b1,psth.fs20-ld-st.fil0-ref-psthfr.s_stategain.S_jk.nf20-basic,st.fil0,ACTIVE_1,8.073648191310826e-05,88.8,[0.48940527],[0.02684442],0.004656331191432294,-0.02382024583656767,0.0,ACTIVE_1
263,btn040c-b1,psth.fs20-ld-st.fil0-ref-psthfr.s_stategain.S_jk.nf20-basic,st.fil0,baseline,0.0,83.8,[0.67626062],[0.01065887],1.3846587125713885,0.9989872667337865,0.0,baseline
264,btn040c-b1,psth.fs20-ld-st.fil0-ref-psthfr.s_stategain.S_jk.nf20-basic,st.fil0,ACTIVE_1,7.029938824009297e-05,83.8,[0.67626062],[0.01065887],0.012919880444968982,0.017216577504766524,0.0,ACTIVE_1
265,btn040c-b1,psth.fs20-ld-st.fil0-ref-psthfr.s_stategain.S_jk.nf20-basic,st.fil0,ACTIVE_2,-0.00017519288402130759,83.8,[0.67626062],[0.01065887],-0.00629594319860499,-0.012965582679270232,0.0,ACTIVE_2
266,btn040c-b1,psth.fs20-ld-st.fil0-ref-psthfr.s_stategain.S_jk.nf20-basic,st.fil0,PASSIVE_1,1.5698677923378107e-05,83.8,[0.67626062],[0.01065887],-0.0007017266828609801,0.001251390930334025,0.0,PASSIVE_1
267,btn019a-a1,psth.fs20-ld-st.fil0-ref-psthfr.s_stategain.S_jk.nf20-basic,st.fil0,baseline,0.0,91.9,[0.69975015],[0.01612049],0.4540361390574323,0.9493038677524535,0.0,baseline
268,btn019a-a1,psth.fs20-ld-st.fil0-ref-psthfr.s_stategain.S_jk.nf20-basic,st.fil0,ACTIVE_1,0.00011393647211793954,91.9,[0.69975015],[0.01612049],0.013455352188876562,0.06915073885683914,0.0,ACTIVE_1
269,btn018d-a1,psth.fs20-ld-st.fil0-ref-psthfr.s_stategain.S_jk.nf20-basic,st.fil0,baseline,0.0,84.3,[0.59544304],[0.01999248],0.48900245438272033,1.0556809512183005,0.0,baseline
270,btn018d-a1,psth.fs20-ld-st.fil0-ref-psthfr.s_stategain.S_jk.nf20-basic,st.fil0,ACTIVE_1,-0.0003152802127893552,84.3,[0.59544304],[0.01999248],0.006709660822467736,-0.08523363748188309,0.0,ACTIVE_1
271,btn016b-b1,psth.fs20-ld-st.fil0-ref-psthfr.s_stategain.S_jk.nf20-basic,st.fil0,baseline,0.0,89.5,[0.91862427],[0.00867338],1.0899883807629998,0.9905854923753405,0.0,baseline
272,btn016b-b1,psth.fs20-ld-st.fil0-ref-psthfr.s_stategain.S_jk.nf20-basic,st.fil0,ACTIVE_1,0.0001490962124710857,89.5,[0.91862427],[0.00867338],-0.0050925231734911865,0.0024417427899368575,0.0,ACTIVE_1
273,btn016b-b1,psth.fs20-ld-st.fil0-ref-psthfr.s_stategain.S_jk.nf20-basic,st.fil0,ACTIVE_2,7.859039116315443e-05,89.5,[0.91862427],[0.00867338],0.008106707680090908,0.009702909839145445,0.0,ACTIVE_2
274,btn016b-b1,psth.fs20-ld-st.fil0-ref-psthfr.s_stategain.S_jk.nf20-basic,st.fil0,PASSIVE_1,0.00021224144253787056,89.5,[0.91862427],[0.00867338],-0.03702933838549789,0.028356126311653834,0.0,PASSIVE_1
275,btn018c-a1,psth.fs20-ld-st.fil0-ref-psthfr.s_stategain.S_jk.nf20-basic,st.fil0,baseline,0.0,90.4,[0.60249733],[0.0228841],0.7511568160260438,1.0284049646562092,0.0,baseline
276,btn018c-a1,psth.fs20-ld-st.fil0-ref-psthfr.s_stategain.S_jk.nf20-basic,st.fil0,ACTIVE_1,-0.000222100842906294,90.4,[0.60249733],[0.0228841],0.0022268139712712876,-0.03954070785473947,0.0,ACTIVE_1
277,btn016e-b1,psth.fs20-ld-st.fil0-ref-psthfr.s_stategain.S_jk.nf20-basic,st.fil0,baseline,0.0,80.7,[0.76693196],[0.02851565],0.8395229839970322,1.0194634069129007,0.0,baseline
278,btn016e-b1,psth.fs20-ld-st.fil0-ref-psthfr.s_stategain.S_jk.nf20-basic,st.fil0,ACTIVE_1,-0.008948095185749919,80.7,[0.76693196],[0.02851565],0.08196231087013182,-0.0332215063969145,0.0,ACTIVE_1
279,btn009a-b1,psth.fs20-ld-st.fil0-ref-psthfr.s_stategain.S_jk.nf20-basic,st.fil0,baseline,0.0,85.0,[0.95301344],[0.00407074],0.653975595743331,0.9816751684526365,0.0,baseline
280,btn009a-b1,psth.fs20-ld-st.fil0-ref-psthfr.s_stategain.S_jk.nf20-basic,st.fil0,ACTIVE_1,-0.002113335937037622,85.0,[0.95301344],[0.00407074],0.0002638639148163884,0.026525553223465177,0.0,ACTIVE_1
281,btn003b-b1,psth.fs20-ld-st.fil0-ref-psthfr.s_stategain.S_jk.nf20-basic,st.fil0,baseline,0.0,90.1,[0.40781143],[0.02130076],1.0903281904705184,0.9327095456531028,0.0,baseline
282,btn003b-b1,psth.fs20-ld-st.fil0-ref-psthfr.s_stategain.S_jk.nf20-basic,st.fil0,ACTIVE_1,0.0006276900829567734,90.1,[0.40781143],[0.02130076],0.031201196664238012,0.10514860207948307,0.0,ACTIVE_1
283,mgc052e-b1,psth.fs20-ld-st.fil0-ref-psthfr.s_stategain.S_jk.nf20-basic,st.fil0,baseline,0.0,80.6,[0.98306471],[0.00237202],1.732918473688684,0.9994301108123553,0.0,baseline
284,mgc052e-b1,psth.fs20-ld-st.fil0-ref-psthfr.s_stategain.S_jk.nf20-basic,st.fil0,ACTIVE_1,-0.0008607100973722014,80.6,[0.98306471],[0.00237202],0.009705124591534726,0.0008374225679333113,0.0,ACTIVE_1
285,mgc038a-b1,psth.fs20-ld-st.fil0-ref-psthfr.s_stategain.S_jk.nf20-basic,st.fil0,baseline,0.0,96.3,[0.48306802],[0.02641934],1.4832871522601707,0.9380101915391116,0.0,baseline
286,mgc038a-b1,psth.fs20-ld-st.fil0-ref-psthfr.s_stategain.S_jk.nf20-basic,st.fil0,ACTIVE_0,1.5601672568929185e-05,96.3,[0.48306802],[0.02641934],0.04199467917899421,0.09987956550078783,0.0,ACTIVE_0
287,mgc049e-b1,psth.fs20-ld-st.fil0-ref-psthfr.s_stategain.S_jk.nf20-basic,st.fil0,baseline,0.0,79.3,[0.94133787],[0.01034149],0.16937143773030833,0.9907801040156576,0.0,baseline
288,mgc049e-b1,psth.fs20-ld-st.fil0-ref-psthfr.s_stategain.S_jk.nf20-basic,st.fil0,ACTIVE_1,0.0012761374068013826,79.3,[0.94133787],[0.01034149],-0.02046918458418601,0.014626435179993649,0.0,ACTIVE_1
289,mgc037b-a1,psth.fs20-ld-st.fil0-ref-psthfr.s_stategain.S_jk.nf20-basic,st.fil0,baseline,0.0,90.9,[0.90072563],[0.00460911],0.3050973611154776,0.9947303555292066,0.0,baseline
290,mgc037b-a1,psth.fs20-ld-st.fil0-ref-psthfr.s_stategain.S_jk.nf20-basic,st.fil0,ACTIVE_1,0.00022865137499073995,90.9,[0.90072563],[0.00460911],0.0034287876888417523,0.008476966039318974,0.0,ACTIVE_1
291,mgc031d-b1,psth.fs20-ld-st.fil0-ref-psthfr.s_stategain.S_jk.nf20-basic,st.fil0,baseline,0.0,84.8,[0.6466858],[0.03382591],2.6223837327538155,0.9915682645924504,0.0,baseline
292,mgc031d-b1,psth.fs20-ld-st.fil0-ref-psthfr.s_stategain.S_jk.nf20-basic,st.fil0,ACTIVE_1,0.0004902357569099788,84.8,[0.6466858],[0.03382591],-0.0064578953741508405,0.013828844170026333,0.0,ACTIVE_1
293,mgc016d-b1,psth.fs20-ld-st.fil0-ref-psthfr.s_stategain.S_jk.nf20-basic,st.fil0,baseline,0.0,78.5,[0.44773417],[0.0219667],2.2027536343871494,0.9879392988850084,0.0,baseline
294,mgc016d-b1,psth.fs20-ld-st.fil0-ref-psthfr.s_stategain.S_jk.nf20-basic,st.fil0,ACTIVE_1,0.00022775507051221326,78.5,[0.44773417],[0.0219667],0.003419253185228426,0.018296006237434288,0.0,ACTIVE_1
295,mgc015b-a1,psth.fs20-ld-st.fil0-ref-psthfr.s_stategain.S_jk.nf20-basic,st.fil0,baseline,0.0,96.0,[0.74912539],[0.0106846],0.9783159956659713,0.9801392670920721,0.0,baseline
296,mgc015b-a1,psth.fs20-ld-st.fil0-ref-psthfr.s_stategain.S_jk.nf20-basic,st.fil0,ACTIVE_1,0.00018264425428277825,96.0,[0.74912539],[0.0106846],-0.01584836978585011,0.030212345175883254,0.0,ACTIVE_1
297,mgc001c-a1,psth.fs20-ld-st.fil0-ref-psthfr.s_stategain.S_jk.nf20-basic,st.fil0,baseline,0.0,82.1,[0.63843126],[0.01710198],1.30971169811607,1.0048560354423641,0.0,baseline
298,mgc001c-a1,psth.fs20-ld-st.fil0-ref-psthfr.s_stategain.S_jk.nf20-basic,st.fil0,ACTIVE_1,-8.417271975057399e-06,82.1,[0.63843126],[0.01710198],0.01219583539293531,-0.004382991744914445,0.0,ACTIVE_1
299,mgc001c-a1,psth.fs20-ld-st.fil0-ref-psthfr.s_stategain.S_jk.nf20-basic,st.fil0,ACTIVE_2,6.016210121207371e-05,82.1,[0.63843126],[0.01710198],0.015370058046632893,-0.023825185589245304,0.0,ACTIVE_2
300,mgc001c-a1,psth.fs20-ld-st.fil0-ref-psthfr.s_stategain.S_jk.nf20-basic,st.fil0,PASSIVE_1,8.941400956644034e-05,82.1,[0.63843126],[0.01710198],-0.011311811441335593,0.01398378288150287,0.0,PASSIVE_1
301,mgc013a-a1,psth.fs20-ld-st.fil0-ref-psthfr.s_stategain.S_jk.nf20-basic,st.fil0,baseline,0.0,91.0,[0.73323092],[0.01057734],1.1883105795879771,1.0204179419141393,0.0,baseline
302,mgc013a-a1,psth.fs20-ld-st.fil0-ref-psthfr.s_stategain.S_jk.nf20-basic,st.fil0,ACTIVE_1,-0.00018933392066421327,91.0,[0.73323092],[0.01057734],0.017072021618710128,-0.03014833470807793,0.0,ACTIVE_1
303,mgc013a-a1,psth.fs20-ld-st.fil0-ref-psthfr.s_stategain.S_jk.nf20-basic,st.fil0,ACTIVE_2,-0.0002465690596365443,91.0,[0.73323092],[0.01057734],-0.00318572826542165,-0.02050077469025483,0.0,ACTIVE_2
304,mgc013a-a1,psth.fs20-ld-st.fil0-ref-psthfr.s_stategain.S_jk.nf20-basic,st.fil0,PASSIVE_1,0.0004288094856021655,91.0,[0.73323092],[0.01057734],-0.016341094721044995,-0.023674234394514503,0.0,PASSIVE_1
305,mgc015a-a1,psth.fs20-ld-st.fil0-ref-psthfr.s_stategain.S_jk.nf20-basic,st.fil0,baseline,0.0,96.3,[0.90115854],[0.00471923],0.1749383022551087,0.9975484956244021,0.0,baseline
306,mgc015a-a1,psth.fs20-ld-st.fil0-ref-psthfr.s_stategain.S_jk.nf20-basic,st.fil0,ACTIVE_1,0.001048783420580694,96.3,[0.90115854],[0.00471923],-0.0005768536206320434,0.0039339607969954395,0.0,ACTIVE_1
307,mgc008b-b1,psth.fs20-ld-st.fil0-ref-psthfr.s_stategain.S_jk.nf20-basic,st.fil0,baseline,0.0,95.1,[0.29055644],[0.04908702],1.7610100665555812,0.9675529457122792,0.0,baseline
308,mgc008b-b1,psth.fs20-ld-st.fil0-ref-psthfr.s_stategain.S_jk.nf20-basic,st.fil0,ACTIVE_1,0.004244056180892412,95.1,[0.29055644],[0.04908702],0.004682892950211312,0.047530403751136104,0.0,ACTIVE_1
309,btn120a-b1,psth.fs20-ld-st.fil0-ref-psthfr.s_stategain.S_jk.nf20-basic,st.fil0,baseline,0.0,92.2,[0.94975689],[0.00413647],1.8450154735614752,1.0059176516628168,0.0,baseline
310,btn120a-b1,psth.fs20-ld-st.fil0-ref-psthfr.s_stategain.S_jk.nf20-basic,st.fil0,ACTIVE_1,0.0001499157700893687,92.2,[0.94975689],[0.00413647],-2.3643339980370717e-05,-0.02078171491846715,0.0,ACTIVE_1
311,btn120a-b1,psth.fs20-ld-st.fil0-ref-psthfr.s_stategain.S_jk.nf20-basic,st.fil0,ACTIVE_2,4.28086793735718e-05,92.2,[0.94975689],[0.00413647],-0.020472929070161995,0.006400286844862256,0.0,ACTIVE_2
312,btn119b-b1,psth.fs20-ld-st.fil0-ref-psthfr.s_stategain.S_jk.nf20-basic,st.fil0,baseline,0.0,86.6,[0.78967473],[0.01422851],0.862884320425849,1.0043678631912265,0.0,baseline
313,btn119b-b1,psth.fs20-ld-st.fil0-ref-psthfr.s_stategain.S_jk.nf20-basic,st.fil0,ACTIVE_1,-0.00016716046549334476,86.6,[0.78967473],[0.01422851],0.0059315762056885765,0.005770542119629371,0.0,ACTIVE_1
314,btn119b-b1,psth.fs20-ld-st.fil0-ref-psthfr.s_stategain.S_jk.nf20-basic,st.fil0,ACTIVE_2,0.00010043026637872583,86.6,[0.78967473],[0.01422851],0.016515317659553212,-0.005827444644869041,0.0,ACTIVE_2
315,btn119b-b1,psth.fs20-ld-st.fil0-ref-psthfr.s_stategain.S_jk.nf20-basic,st.fil0,PASSIVE_1,-0.0001748750873464346,86.6,[0.78967473],[0.01422851],0.011634966703620884,-0.02511734694653635,0.0,PASSIVE_1
316,btn123a-a1,psth.fs20-ld-st.fil0-ref-psthfr.s_stategain.S_jk.nf20-basic,st.fil0,baseline,0.0,93.5,[0.89469757],[0.01064906],0.4995102147095297,1.0095988697693201,0.0,baseline
317,btn123a-a1,psth.fs20-ld-st.fil0-ref-psthfr.s_stategain.S_jk.nf20-basic,st.fil0,ACTIVE_0,-0.0001711664531552745,93.5,[0.89469757],[0.01064906],0.005388437356063691,-0.0035235269847192483,0.0,ACTIVE_0
318,btn123a-a1,psth.fs20-ld-st.fil0-ref-psthfr.s_stategain.S_jk.nf20-basic,st.fil0,ACTIVE_-1,0.00012856122899262813,93.5,[0.89469757],[0.01064906],0.0028633457721531025,-0.018632372310133406,0.0,ACTIVE_-1
319,btn143b-a1,psth.fs20-ld-st.fil0-ref-psthfr.s_stategain.S_jk.nf20-basic,st.fil0,baseline,0.0,87.9,[0.62841217],[0.01661041],1.5477801859807276,0.9654938103242463,0.0,baseline
320,btn143b-a1,psth.fs20-ld-st.fil0-ref-psthfr.s_stategain.S_jk.nf20-basic,st.fil0,ACTIVE_1,-0.00965474159802514,87.9,[0.62841217],[0.01661041],-0.009601942115370169,0.04478092233125568,0.0,ACTIVE_1
321,btn118a-b1,psth.fs20-ld-st.fil0-ref-psthfr.s_stategain.S_jk.nf20-basic,st.fil0,baseline,0.0,89.7,[0.88749056],[0.00584057],0.7423070811194069,1.003402464268101,0.0,baseline
322,btn118a-b1,psth.fs20-ld-st.fil0-ref-psthfr.s_stategain.S_jk.nf20-basic,st.fil0,ACTIVE_1,3.456871578900681e-05,89.7,[0.88749056],[0.00584057],-0.008488896569978211,-0.011729800848942326,0.0,ACTIVE_1
323,btn118a-b1,psth.fs20-ld-st.fil0-ref-psthfr.s_stategain.S_jk.nf20-basic,st.fil0,ACTIVE_2,9.81420595554763e-06,89.7,[0.88749056],[0.00584057],0.016947944291051103,-0.002086685373022786,0.0,ACTIVE_2
324,btn118a-b1,psth.fs20-ld-st.fil0-ref-psthfr.s_stategain.S_jk.nf20-basic,st.fil0,PASSIVE_1,-2.7589580847201408e-05,89.7,[0.88749056],[0.00584057],-0.04907260778699348,0.007214359247318376,0.0,PASSIVE_1
325,btn112e-b1,psth.fs20-ld-st.fil0-ref-psthfr.s_stategain.S_jk.nf20-basic,st.fil0,baseline,0.0,74.6,[0.87117994],[0.00646519],4.828073023268132,1.0068341943476151,0.0,baseline
326,btn112e-b1,psth.fs20-ld-st.fil0-ref-psthfr.s_stategain.S_jk.nf20-basic,st.fil0,ACTIVE_0,7.14315966831453e-05,74.6,[0.87117994],[0.00646519],0.031235680955310312,0.013539711318742662,0.0,ACTIVE_0
327,btn112e-b1,psth.fs20-ld-st.fil0-ref-psthfr.s_stategain.S_jk.nf20-basic,st.fil0,ACTIVE_1,0.00014486339553148074,74.6,[0.87117994],[0.00646519],-0.054234411821957276,-0.03127839273557807,0.0,ACTIVE_1
328,btn111b-b1,psth.fs20-ld-st.fil0-ref-psthfr.s_stategain.S_jk.nf20-basic,st.fil0,baseline,0.0,99.7,[0.625929],[0.02644107],0.17917463481737836,1.0063339878037718,0.0,baseline
329,btn111b-b1,psth.fs20-ld-st.fil0-ref-psthfr.s_stategain.S_jk.nf20-basic,st.fil0,ACTIVE_1,-0.0010486977652293015,99.7,[0.625929],[0.02644107],-0.0028743606734130023,-0.006594635305566085,0.0,ACTIVE_1
330,btn111b-b1,psth.fs20-ld-st.fil0-ref-psthfr.s_stategain.S_jk.nf20-basic,st.fil0,ACTIVE_2,-0.00040418200773355577,99.7,[0.625929],[0.02644107],-0.004879426859493659,0.006347560019086315,0.0,ACTIVE_2
331,btn111b-b1,psth.fs20-ld-st.fil0-ref-psthfr.s_stategain.S_jk.nf20-basic,st.fil0,PASSIVE_1,-0.0009306479901172323,99.7,[0.625929],[0.02644107],0.00827130056562422,-0.03289020167276251,0.0,PASSIVE_1
332,btn131a-a1,psth.fs20-ld-st.fil0-ref-psthfr.s_stategain.S_jk.nf20-basic,st.fil0,baseline,0.0,96.2,[0.8065885],[0.01193205],0.33841427016518477,1.002377450874675,0.0,baseline
333,btn131a-a1,psth.fs20-ld-st.fil0-ref-psthfr.s_stategain.S_jk.nf20-basic,st.fil0,ACTIVE_1,-0.0006360077250824621,96.2,[0.8065885],[0.01193205],-0.004192985682868701,-0.0031115968315291484,0.0,ACTIVE_1
334,btn134a-a1,psth.fs20-ld-st.fil0-ref-psthfr.s_stategain.S_jk.nf20-basic,st.fil0,baseline,0.0,88.4,[0.84568801],[0.01132353],0.7600056677613238,0.9865982786424544,0.0,baseline
335,btn134a-a1,psth.fs20-ld-st.fil0-ref-psthfr.s_stategain.S_jk.nf20-basic,st.fil0,ACTIVE_1,-0.005380078964471714,88.4,[0.84568801],[0.01132353],-0.017476126042300828,0.02001707029514354,0.0,ACTIVE_1
336,btn123b-a1,psth.fs20-ld-st.fil0-ref-psthfr.s_stategain.S_jk.nf20-basic,st.fil0,baseline,0.0,80.5,[0.80757292],[0.00960683],0.9070242694643328,0.9937283512233582,0.0,baseline
337,btn123b-a1,psth.fs20-ld-st.fil0-ref-psthfr.s_stategain.S_jk.nf20-basic,st.fil0,ACTIVE_1,-3.7948306892252865e-05,80.5,[0.80757292],[0.00960683],-0.007242315968171291,0.00952753247770718,0.0,ACTIVE_1
338,btn120b-b1,psth.fs20-ld-st.fil0-ref-psthfr.s_stategain.S_jk.nf20-basic,st.fil0,baseline,0.0,84.2,[0.75512231],[0.02587743],0.6163934446620876,1.0491284055899524,0.0,baseline
339,btn120b-b1,psth.fs20-ld-st.fil0-ref-psthfr.s_stategain.S_jk.nf20-basic,st.fil0,ACTIVE_1,0.003193026817758622,84.2,[0.75512231],[0.02587743],0.025359476822475892,-0.059963125710447186,0.0,ACTIVE_1
340,btn109c-a1,psth.fs20-ld-st.fil0-ref-psthfr.s_stategain.S_jk.nf20-basic,st.fil0,baseline,0.0,83.1,[0.31830361],[0.04736572],1.221402537746687,0.886023934680592,0.0,baseline
341,btn109c-a1,psth.fs20-ld-st.fil0-ref-psthfr.s_stategain.S_jk.nf20-basic,st.fil0,ACTIVE_1,0.0016250322165044318,83.1,[0.31830361],[0.04736572],-0.0041280149569597,0.15532096477366583,0.0,ACTIVE_1
342,btn109c-a1,psth.fs20-ld-st.fil0-ref-psthfr.s_stategain.S_jk.nf20-basic,st.fil0,ACTIVE_2,0.003048931468173779,83.1,[0.31830361],[0.04736572],-0.0251978021738083,0.11779636696017352,0.0,ACTIVE_2
343,btn109c-a1,psth.fs20-ld-st.fil0-ref-psthfr.s_stategain.S_jk.nf20-basic,st.fil0,PASSIVE_1,0.003794698941448588,83.1,[0.31830361],[0.04736572],-0.0092713583168364,0.16763226331286993,0.0,PASSIVE_1
344,btn119a-b1,psth.fs20-ld-st.fil0-ref-psthfr.s_stategain.S_jk.nf20-basic,st.fil0,baseline,0.0,87.0,[0.80881566],[0.01117002],0.9315292443819315,1.001435946113136,0.0,baseline
345,btn119a-b1,psth.fs20-ld-st.fil0-ref-psthfr.s_stategain.S_jk.nf20-basic,st.fil0,ACTIVE_1,2.943976244920102e-05,87.0,[0.80881566],[0.01117002],-0.010951637429784843,-0.0021790408498471338,0.0,ACTIVE_1
346,btn117f-a1,psth.fs20-ld-st.fil0-ref-psthfr.s_stategain.S_jk.nf20-basic,st.fil0,baseline,0.0,95.5,[0.78484677],[0.01000433],0.684795389037194,1.0059500618191621,0.0,baseline
347,btn117f-a1,psth.fs20-ld-st.fil0-ref-psthfr.s_stategain.S_jk.nf20-basic,st.fil0,ACTIVE_0,5.930234381615108e-05,95.5,[0.78484677],[0.01000433],0.017557523680297987,-0.00877806152474598,0.0,ACTIVE_0
348,btn116a-b1,psth.fs20-ld-st.fil0-ref-psthfr.s_stategain.S_jk.nf20-basic,st.fil0,baseline,0.0,80.9,[0.91901005],[0.00466344],0.2892460716625705,0.9953054610254967,0.0,baseline
349,btn116a-b1,psth.fs20-ld-st.fil0-ref-psthfr.s_stategain.S_jk.nf20-basic,st.fil0,ACTIVE_0,8.828705250089867e-05,80.9,[0.91901005],[0.00466344],-0.003912158791507704,0.007292706313882048,0.0,ACTIVE_0
350,btn104e-a1,psth.fs20-ld-st.fil0-ref-psthfr.s_stategain.S_jk.nf20-basic,st.fil0,baseline,0.0,92.4,[0.88861272],[0.00507467],0.2243691773708784,1.0002975154878953,0.0,baseline
351,btn104e-a1,psth.fs20-ld-st.fil0-ref-psthfr.s_stategain.S_jk.nf20-basic,st.fil0,ACTIVE_1,-0.00010131048060377233,92.4,[0.88861272],[0.00507467],-0.00021100167134909244,-0.004681833127603526,0.0,ACTIVE_1
352,btn104e-a1,psth.fs20-ld-st.fil0-ref-psthfr.s_stategain.S_jk.nf20-basic,st.fil0,ACTIVE_2,-0.0001674173203842002,92.4,[0.88861272],[0.00507467],-0.0036873547274009293,0.0077127201716026715,0.0,ACTIVE_2
353,btn104e-a1,psth.fs20-ld-st.fil0-ref-psthfr.s_stategain.S_jk.nf20-basic,st.fil0,PASSIVE_1,-2.9261052352389107e-05,92.4,[0.88861272],[0.00507467],0.0067084102200222605,-0.005354712737701274,0.0,PASSIVE_1
354,btn112d-b1,psth.fs20-ld-st.fil0-ref-psthfr.s_stategain.S_jk.nf20-basic,st.fil0,baseline,0.0,75.7,[0.78511399],[0.00817429],2.0955275041175137,0.9997824955194075,0.0,baseline
355,btn112d-b1,psth.fs20-ld-st.fil0-ref-psthfr.s_stategain.S_jk.nf20-basic,st.fil0,ACTIVE_1,0.0002706439240489013,75.7,[0.78511399],[0.00817429],-0.005646118020796729,0.00038205898563753725,0.0,ACTIVE_1
356,btn105a-a1,psth.fs20-ld-st.fil0-ref-psthfr.s_stategain.S_jk.nf20-basic,st.fil0,baseline,0.0,97.6,[0.54030699],[0.02643478],1.0422520103259763,0.9817352798518776,0.0,baseline
357,btn105a-a1,psth.fs20-ld-st.fil0-ref-psthfr.s_stategain.S_jk.nf20-basic,st.fil0,ACTIVE_1,-0.0009354468780470106,97.6,[0.54030699],[0.02643478],-0.006554380295999185,-0.038571374534707534,0.0,ACTIVE_1
358,btn105a-a1,psth.fs20-ld-st.fil0-ref-psthfr.s_stategain.S_jk.nf20-basic,st.fil0,ACTIVE_2,-0.0009860829567360774,97.6,[0.54030699],[0.02643478],-0.0025041519806336607,0.07911135467099857,0.0,ACTIVE_2
359,btn109b-b1,psth.fs20-ld-st.fil0-ref-psthfr.s_stategain.S_jk.nf20-basic,st.fil0,baseline,0.0,93.2,[0.62192964],[0.01218703],0.3284224662473477,0.9792606518936605,0.0,baseline
360,btn109b-b1,psth.fs20-ld-st.fil0-ref-psthfr.s_stategain.S_jk.nf20-basic,st.fil0,ACTIVE_1,0.00019362675251852475,93.2,[0.62192964],[0.01218703],0.015329984688629963,0.03246124042854872,0.0,ACTIVE_1
361,btn105c-a1,psth.fs20-ld-st.fil0-ref-psthfr.s_stategain.S_jk.nf20-basic,st.fil0,baseline,0.0,88.6,[0.76557614],[0.01495703],0.6343612550999411,1.008775353234258,0.0,baseline
362,btn105c-a1,psth.fs20-ld-st.fil0-ref-psthfr.s_stategain.S_jk.nf20-basic,st.fil0,ACTIVE_1,3.6342567022344366e-05,88.6,[0.76557614],[0.01495703],0.004594992057865363,-0.0117192760880466,0.0,ACTIVE_1
363,btn075c-b1,psth.fs20-ld-st.fil0-ref-psthfr.s_stategain.S_jk.nf20-basic,st.fil0,baseline,0.0,96.4,[0.80625441],[0.00890724],0.6309800731246251,0.9971173390640781,0.0,baseline
364,btn075c-b1,psth.fs20-ld-st.fil0-ref-psthfr.s_stategain.S_jk.nf20-basic,st.fil0,ACTIVE_1,-0.00010105694004878442,96.4,[0.80625441],[0.00890724],-0.004381507334649639,0.017317077410411153,0.0,ACTIVE_1
365,btn075c-b1,psth.fs20-ld-st.fil0-ref-psthfr.s_stategain.S_jk.nf20-basic,st.fil0,ACTIVE_2,-0.00043769388543803535,96.4,[0.80625441],[0.00890724],-0.001960909144765959,-0.01670972653279764,0.0,ACTIVE_2
366,btn075c-b1,psth.fs20-ld-st.fil0-ref-psthfr.s_stategain.S_jk.nf20-basic,st.fil0,PASSIVE_1,-0.00020685028966230216,96.4,[0.80625441],[0.00890724],-0.012444045344604264,0.014903762288904948,0.0,PASSIVE_1
367,btn075a-b1,psth.fs20-ld-st.fil0-ref-psthfr.s_stategain.S_jk.nf20-basic,st.fil0,baseline,0.0,92.7,[0.40220144],[0.03779011],1.6419670043795367,1.0147976120397444,0.0,baseline
368,btn075a-b1,psth.fs20-ld-st.fil0-ref-psthfr.s_stategain.S_jk.nf20-basic,st.fil0,ACTIVE_1,0.0006311383375630646,92.7,[0.40220144],[0.03779011],0.03069653094748694,-0.09645155619775626,0.0,ACTIVE_1
369,btn075a-b1,psth.fs20-ld-st.fil0-ref-psthfr.s_stategain.S_jk.nf20-basic,st.fil0,ACTIVE_2,0.0003891804714909999,92.7,[0.40220144],[0.03779011],0.01349823257547735,-0.09238849660760297,0.0,ACTIVE_2
370,btn075a-b1,psth.fs20-ld-st.fil0-ref-psthfr.s_stategain.S_jk.nf20-basic,st.fil0,PASSIVE_1,0.0004641353273143215,92.7,[0.40220144],[0.03779011],-0.004670308693570655,0.23927063863804765,0.0,PASSIVE_1
371,btn097a-a1,psth.fs20-ld-st.fil0-ref-psthfr.s_stategain.S_jk.nf20-basic,st.fil0,baseline,0.0,89.2,[0.62372881],[0.01932844],0.652311209152795,1.016273231673119,0.0,baseline
372,btn097a-a1,psth.fs20-ld-st.fil0-ref-psthfr.s_stategain.S_jk.nf20-basic,st.fil0,ACTIVE_1,-0.0003193867075588499,89.2,[0.62372881],[0.01932844],0.015177860838731388,-0.02472360527451883,0.0,ACTIVE_1
373,btn095b-b1,psth.fs20-ld-st.fil0-ref-psthfr.s_stategain.S_jk.nf20-basic,st.fil0,baseline,0.0,86.8,[0.84143506],[0.00829559],0.7252182950978834,1.0111863487260093,0.0,baseline
374,btn095b-b1,psth.fs20-ld-st.fil0-ref-psthfr.s_stategain.S_jk.nf20-basic,st.fil0,ACTIVE_1,0.00018181414889832767,86.8,[0.84143506],[0.00829559],0.015273332029732856,-0.016435148986460275,0.0,ACTIVE_1
375,btn088b-a1,psth.fs20-ld-st.fil0-ref-psthfr.s_stategain.S_jk.nf20-basic,st.fil0,baseline,0.0,93.6,[0.65683964],[0.01189944],1.2604409375853867,1.010079642805072,0.0,baseline
376,btn088b-a1,psth.fs20-ld-st.fil0-ref-psthfr.s_stategain.S_jk.nf20-basic,st.fil0,ACTIVE_1,5.441116635999688e-05,93.6,[0.65683964],[0.01189944],-0.012255770968546818,-0.01669103484897822,0.0,ACTIVE_1
377,btn086c-a1,psth.fs20-ld-st.fil0-ref-psthfr.s_stategain.S_jk.nf20-basic,st.fil0,baseline,0.0,97.0,[0.94586936],[0.00391268],0.5355967499382281,1.0080304175365717,0.0,baseline
378,btn086c-a1,psth.fs20-ld-st.fil0-ref-psthfr.s_stategain.S_jk.nf20-basic,st.fil0,ACTIVE_1,0.00026398912692971756,97.0,[0.94586936],[0.00391268],-0.0008655529381587947,-0.011144151443673112,0.0,ACTIVE_1
379,btn079d-b1,psth.fs20-ld-st.fil0-ref-psthfr.s_stategain.S_jk.nf20-basic,st.fil0,baseline,0.0,84.3,[0.27507219],[0.02064726],0.8744507540467662,0.986663333318781,0.0,baseline
380,btn079d-b1,psth.fs20-ld-st.fil0-ref-psthfr.s_stategain.S_jk.nf20-basic,st.fil0,ACTIVE_1,9.341587272353169e-05,84.3,[0.27507219],[0.02064726],0.01309439026169723,-0.015666379512984892,0.0,ACTIVE_1
381,btn079d-b1,psth.fs20-ld-st.fil0-ref-psthfr.s_stategain.S_jk.nf20-basic,st.fil0,PASSIVE_1,-0.00019454804576765028,84.3,[0.27507219],[0.02064726],0.009021695219296045,0.11156562178019887,0.0,PASSIVE_1
382,btn079d-b1,psth.fs20-ld-st.fil0-ref-psthfr.s_stategain.S_jk.nf20-basic,st.fil0,ACTIVE_2,-0.00013753849773405608,84.3,[0.27507219],[0.02064726],-0.008676855778186785,-0.013696436477830226,0.0,ACTIVE_2
383,btn079e-b1,psth.fs20-ld-st.fil0-ref-psthfr.s_stategain.S_jk.nf20-basic,st.fil0,baseline,0.0,98.7,[0.91172299],[0.00796314],0.08608114248602536,0.9975591426970739,0.0,baseline
384,btn079e-b1,psth.fs20-ld-st.fil0-ref-psthfr.s_stategain.S_jk.nf20-basic,st.fil0,ACTIVE_1,-0.003646427101509875,98.7,[0.91172299],[0.00796314],-0.0006723206532191079,0.003726416531373401,0.0,ACTIVE_1
385,btn074e-b1,psth.fs20-ld-st.fil0-ref-psthfr.s_stategain.S_jk.nf20-basic,st.fil0,baseline,0.0,82.4,[0.96349696],[0.00273931],0.6251449603183443,0.9912488694915134,0.0,baseline
386,btn074e-b1,psth.fs20-ld-st.fil0-ref-psthfr.s_stategain.S_jk.nf20-basic,st.fil0,ACTIVE_0,7.678992766828756e-05,82.4,[0.96349696],[0.00273931],-0.01027054215018914,0.010771593196367783,0.0,ACTIVE_0
387,btn074e-b1,psth.fs20-ld-st.fil0-ref-psthfr.s_stategain.S_jk.nf20-basic,st.fil0,ACTIVE_-1,-7.2973779019136445e-06,82.4,[0.96349696],[0.00273931],-0.013134057565376797,0.009797834188452263,0.0,ACTIVE_-1
388,btn077a-a1,psth.fs20-ld-st.fil0-ref-psthfr.s_stategain.S_jk.nf20-basic,st.fil0,baseline,0.0,93.2,[0.62165005],[0.01900228],0.5437056934093233,0.9820892988143803,0.0,baseline
389,btn077a-a1,psth.fs20-ld-st.fil0-ref-psthfr.s_stategain.S_jk.nf20-basic,st.fil0,ACTIVE_1,9.63507483483679e-05,93.2,[0.62165005],[0.01900228],-0.0005212987161306544,0.025848658716345497,0.0,ACTIVE_1
390,btn073c-a1,psth.fs20-ld-st.fil0-ref-psthfr.s_stategain.S_jk.nf20-basic,st.fil0,baseline,0.0,84.3,[0.43133863],[0.04963617],1.109274408946392,1.0202573526326417,0.0,baseline
391,btn073c-a1,psth.fs20-ld-st.fil0-ref-psthfr.s_stategain.S_jk.nf20-basic,st.fil0,ACTIVE_1,0.0020951172249132795,84.3,[0.43133863],[0.04963617],0.06434071418038911,-0.10677242978436245,0.0,ACTIVE_1
392,btn073c-a1,psth.fs20-ld-st.fil0-ref-psthfr.s_stategain.S_jk.nf20-basic,st.fil0,ACTIVE_2,-0.004049092023474631,84.3,[0.43133863],[0.04963617],-0.11259114921997508,0.08682955165987864,0.0,ACTIVE_2
393,btn012c-b1,psth.fs20-ld-st.fil0-ref-psthfr.s_stategain.S_jk.nf20-basic,st.fil0,baseline,0.0,77.6,[0.293428],[0.01792178],1.2400012763633692,1.0455971940655564,0.0,baseline
394,btn012c-b1,psth.fs20-ld-st.fil0-ref-psthfr.s_stategain.S_jk.nf20-basic,st.fil0,ACTIVE_1,-0.002108486157391938,77.6,[0.293428],[0.01792178],0.01160673994703601,-0.13256511249912692,0.0,ACTIVE_1
395,btn012c-b1,psth.fs20-ld-st.fil0-ref-psthfr.s_stategain.S_jk.nf20-basic,st.fil0,PASSIVE_1,-0.0023194411533940806,77.6,[0.293428],[0.01792178],0.026635929359024996,0.002251496326498092,0.0,PASSIVE_1
396,btn012c-b1,psth.fs20-ld-st.fil0-ref-psthfr.s_stategain.S_jk.nf20-basic,st.fil0,ACTIVE_2,-0.0025335808424213364,77.6,[0.293428],[0.01792178],0.006457287165320007,-0.026498435836763784,0.0,ACTIVE_2
397,btn012c-b1,psth.fs20-ld-st.fil0-ref-psthfr.s_stategain.S_jk.nf20-basic,st.fil0,ACTIVE_3,-0.002407164937464015,77.6,[0.293428],[0.01792178],0.004932889796902545,-0.018275558919720526,0.0,ACTIVE_3
398,btn012c-b1,psth.fs20-ld-st.fil0-ref-psthfr.s_stategain.S_jk.nf20-basic,st.fil0,PASSIVE_2,-0.0022479960349420483,77.6,[0.293428],[0.01792178],-0.027365130041085085,-0.06779770666334539,0.0,PASSIVE_2
399,btn012c-a1,psth.fs20-ld-st.fil0-ref-psthfr.s_stategain.S_jk.nf20-basic,st.fil0,baseline,0.0,89.9,[0.2812547],[0.01733695],2.650873212447815,1.0116962122438269,0.0,baseline
400,btn012c-a1,psth.fs20-ld-st.fil0-ref-psthfr.s_stategain.S_jk.nf20-basic,st.fil0,ACTIVE_1,0.002313581751923808,89.9,[0.2812547],[0.01733695],-0.017957970389848362,-0.028030497112727183,0.0,ACTIVE_1
401,btn012c-a1,psth.fs20-ld-st.fil0-ref-psthfr.s_stategain.S_jk.nf20-basic,st.fil0,PASSIVE_1,0.0021313214111693827,89.9,[0.2812547],[0.01733695],-0.039397067346291614,0.06289817424308107,0.0,PASSIVE_1
402,btn012c-a1,psth.fs20-ld-st.fil0-ref-psthfr.s_stategain.S_jk.nf20-basic,st.fil0,ACTIVE_2,0.0019841237581622504,89.9,[0.2812547],[0.01733695],-0.023051785258481207,0.04535750005804285,0.0,ACTIVE_2
403,btn012c-a1,psth.fs20-ld-st.fil0-ref-psthfr.s_stategain.S_jk.nf20-basic,st.fil0,ACTIVE_3,0.002082950149311832,89.9,[0.2812547],[0.01733695],-0.01249494944582208,-0.06305369954015091,0.0,ACTIVE_3
404,btn012c-a1,psth.fs20-ld-st.fil0-ref-psthfr.s_stategain.S_jk.nf20-basic,st.fil0,PASSIVE_2,0.001826526049700938,89.9,[0.2812547],[0.01733695],-0.002602495213644287,-0.08336543569407515,0.0,PASSIVE_2
405,btn071c-a1,psth.fs20-ld-st.fil0-ref-psthfr.s_stategain.S_jk.nf20-basic,st.fil0,baseline,0.0,91.3,[0.44730303],[0.02903534],1.4121646137258161,0.9503397681283433,0.0,baseline
406,btn071c-a1,psth.fs20-ld-st.fil0-ref-psthfr.s_stategain.S_jk.nf20-basic,st.fil0,ACTIVE_0,0.00047292542622697935,91.3,[0.44730303],[0.02903534],0.01310931141013048,0.0682790247157091,0.0,ACTIVE_0
407,btn072d-a1,psth.fs20-ld-st.fil0-ref-psthfr.s_stategain.S_jk.nf20-basic,st.fil0,baseline,0.0,85.7,[0.85103153],[0.00875745],2.358506489471181,1.0001198331520282,0.0,baseline
408,btn072d-a1,psth.fs20-ld-st.fil0-ref-psthfr.s_stategain.S_jk.nf20-basic,st.fil0,ACTIVE_1,0.000150909925730139,85.7,[0.85103153],[0.00875745],-0.005027308038829557,-0.00014089657752815516,0.0,ACTIVE_1
409,btn070a-b1,psth.fs20-ld-st.fil0-ref-psthfr.s_stategain.S_jk.nf20-basic,st.fil0,baseline,0.0,84.6,[0.39511093],[0.02208387],0.7534379237203549,0.9454218578957079,0.0,baseline
410,btn070a-b1,psth.fs20-ld-st.fil0-ref-psthfr.s_stategain.S_jk.nf20-basic,st.fil0,ACTIVE_1,-0.00017773688524895742,84.6,[0.39511093],[0.02208387],-0.010615581025922574,0.08059430659565994,0.0,ACTIVE_1
411,btn069b-a1,psth.fs20-ld-st.fil0-ref-psthfr.s_stategain.S_jk.nf20-basic,st.fil0,baseline,0.0,95.8,[0.85746607],[0.00659828],0.28981196752852745,1.0199664671542625,0.0,baseline
412,btn069b-a1,psth.fs20-ld-st.fil0-ref-psthfr.s_stategain.S_jk.nf20-basic,st.fil0,ACTIVE_1,0.0003925047629400513,95.8,[0.85746607],[0.00659828],0.01447365098031613,-0.025564853496798066,0.0,ACTIVE_1
413,btn019c-a1,psth.fs20-ld-st.fil0-ref-psthfr.s_stategain.S_jk.nf20-basic,st.fil0,baseline,0.0,78.7,[0.949367],[0.00254663],0.6786568833187663,1.0035545573732372,0.0,baseline
414,btn019c-a1,psth.fs20-ld-st.fil0-ref-psthfr.s_stategain.S_jk.nf20-basic,st.fil0,ACTIVE_1,0.0002309878829695445,78.7,[0.949367],[0.00254663],0.0025478155034426714,0.0010811889819305957,0.0,ACTIVE_1
415,btn019c-a1,psth.fs20-ld-st.fil0-ref-psthfr.s_stategain.S_jk.nf20-basic,st.fil0,ACTIVE_2,0.00019313443884931778,78.7,[0.949367],[0.00254663],0.009493981032210495,-0.01698695391040611,0.0,ACTIVE_2
416,btn019c-a1,psth.fs20-ld-st.fil0-ref-psthfr.s_stategain.S_jk.nf20-basic,st.fil0,PASSIVE_1,0.00011542375944524852,78.7,[0.949367],[0.00254663],-0.00759767467616264,0.005859022051259396,0.0,PASSIVE_1
417,btn062c-a1,psth.fs20-ld-st.fil0-ref-psthfr.s_stategain.S_jk.nf20-basic,st.fil0,baseline,0.0,91.9,[0.66399287],[0.01694833],0.40768005451252665,0.9829998202230985,0.0,baseline
418,btn062c-a1,psth.fs20-ld-st.fil0-ref-psthfr.s_stategain.S_jk.nf20-basic,st.fil0,ACTIVE_1,0.00034157315496585055,91.9,[0.66399287],[0.01694833],-0.010835607701419801,0.022389768956085944,0.0,ACTIVE_1
419,btn059b-a1,psth.fs20-ld-st.fil0-ref-psthfr.s_stategain.S_jk.nf20-basic,st.fil0,baseline,0.0,85.3,[0.63994406],[0.02111028],1.9944551530304693,0.9941316635703963,0.0,baseline
420,btn059b-a1,psth.fs20-ld-st.fil0-ref-psthfr.s_stategain.S_jk.nf20-basic,st.fil0,ACTIVE_1,0.00013407814446395766,85.3,[0.63994406],[0.02111028],0.0008014607993665643,0.00828402375656671,0.0,ACTIVE_1
421,btn062a-a1,psth.fs20-ld-st.fil0-ref-psthfr.s_stategain.S_jk.nf20-basic,st.fil0,baseline,0.0,86.9,[0.70172204],[0.02703017],2.3847594151934484,0.9921164389426005,0.0,baseline
422,btn062a-a1,psth.fs20-ld-st.fil0-ref-psthfr.s_stategain.S_jk.nf20-basic,st.fil0,ACTIVE_0,0.005652858090692442,86.9,[0.70172204],[0.02703017],0.03208636301871187,0.00974424404248196,0.0,ACTIVE_0
423,btn060a-a1,psth.fs20-ld-st.fil0-ref-psthfr.s_stategain.S_jk.nf20-basic,st.fil0,baseline,0.0,93.7,[0.92969443],[0.00522755],0.7296285190779884,0.9966049084733699,0.0,baseline
424,btn060a-a1,psth.fs20-ld-st.fil0-ref-psthfr.s_stategain.S_jk.nf20-basic,st.fil0,ACTIVE_0,-7.64146676674488e-05,93.7,[0.92969443],[0.00522755],-0.02693883824694045,0.00469213575385463,0.0,ACTIVE_0
425,btn044d-b1,psth.fs20-ld-st.fil0-ref-psthfr.s_stategain.S_jk.nf20-basic,st.fil0,baseline,0.0,95.1,[0.51337589],[0.01972366],1.665488718453096,0.9205036755239699,0.0,baseline
426,btn044d-b1,psth.fs20-ld-st.fil0-ref-psthfr.s_stategain.S_jk.nf20-basic,st.fil0,ACTIVE_1,0.00017800419923838507,95.1,[0.51337589],[0.01972366],0.04227701303700007,0.12224241453481972,0.0,ACTIVE_1
427,btn054b-a1,psth.fs20-ld-st.fil0-ref-psthfr.s_stategain.S_jk.nf20-basic,st.fil0,baseline,0.0,88.9,[0.87089769],[0.00917903],0.6606278818173441,1.0035240372408547,0.0,baseline
428,btn054b-a1,psth.fs20-ld-st.fil0-ref-psthfr.s_stategain.S_jk.nf20-basic,st.fil0,ACTIVE_1,-0.0001773510207228704,88.9,[0.87089769],[0.00917903],-0.00013458293359496065,-0.005369364141408681,0.0,ACTIVE_1
429,btn030a-b1,psth.fs20-ld-st.fil0-ref-psthfr.s_stategain.S_jk.nf20-basic,st.fil0,baseline,0.0,83.5,[0.83728926],[0.01079879],1.2269074275522165,1.012280720729421,0.0,baseline
430,btn030a-b1,psth.fs20-ld-st.fil0-ref-psthfr.s_stategain.S_jk.nf20-basic,st.fil0,ACTIVE_1,-6.449457498897994e-05,83.5,[0.83728926],[0.01079879],0.00101827774777126,-0.01882353978582756,0.0,ACTIVE_1
431,btn029a-b1,psth.fs20-ld-st.fil0-ref-psthfr.s_stategain.S_jk.nf20-basic,st.fil0,baseline,0.0,89.5,[0.91311027],[0.00424002],1.243727508703802,0.9985479896975452,0.0,baseline
432,btn029a-b1,psth.fs20-ld-st.fil0-ref-psthfr.s_stategain.S_jk.nf20-basic,st.fil0,ACTIVE_1,-3.0230704204122783e-05,89.5,[0.91311027],[0.00424002],0.0021308458673310235,0.00242305110534033,0.0,ACTIVE_1
433,btn015g-a1,psth.fs20-ld-st.fil0-ref-psthfr.s_stategain.S_jk.nf20-basic,st.fil0,baseline,0.0,96.4,[0.24881005],[0.03116145],0.7800022429201867,0.9793076534980258,0.0,baseline
434,btn015g-a1,psth.fs20-ld-st.fil0-ref-psthfr.s_stategain.S_jk.nf20-basic,st.fil0,ACTIVE_1,-0.0014318456968560526,96.4,[0.24881005],[0.03116145],0.017261065283057216,0.03216648381277703,0.0,ACTIVE_1
435,btn015d-b1,psth.fs20-ld-st.fil0-ref-psthfr.s_stategain.S_jk.nf20-basic,st.fil0,baseline,0.0,96.1,[0.80746359],[0.01113502],0.18730149077609215,1.0170738554420373,0.0,baseline
436,btn015d-b1,psth.fs20-ld-st.fil0-ref-psthfr.s_stategain.S_jk.nf20-basic,st.fil0,ACTIVE_1,-6.812265746677114e-05,96.1,[0.80746359],[0.01113502],0.004092124874414838,-0.02589476881550492,0.0,ACTIVE_1
437,btn014b-a1,psth.fs20-ld-st.fil0-ref-psthfr.s_stategain.S_jk.nf20-basic,st.fil0,baseline,0.0,77.6,[0.64199564],[0.01550731],3.7215725282052405,0.9997879519213363,0.0,baseline
438,btn014b-a1,psth.fs20-ld-st.fil0-ref-psthfr.s_stategain.S_jk.nf20-basic,st.fil0,ACTIVE_1,-7.18564830498856e-05,77.6,[0.64199564],[0.01550731],-0.007909643679494944,1.2289200250258006e-05,0.0,ACTIVE_1
439,btn006a-b1,psth.fs20-ld-st.fil0-ref-psthfr.s_stategain.S_jk.nf20-basic,st.fil0,baseline,0.0,79.3,[0.71692224],[0.00981673],0.42714315902685884,0.9886503887607411,0.0,baseline
440,btn006a-b1,psth.fs20-ld-st.fil0-ref-psthfr.s_stategain.S_jk.nf20-basic,st.fil0,ACTIVE_1,0.00024917609047995457,79.3,[0.71692224],[0.00981673],0.012976855885038007,0.017549012046124163,0.0,ACTIVE_1
441,btn009b-b1,psth.fs20-ld-st.fil0-ref-psthfr.s_stategain.S_jk.nf20-basic,st.fil0,baseline,0.0,86.6,[0.69494551],[0.02175445],0.5399707212706719,0.9903478647847057,0.0,baseline
442,btn009b-b1,psth.fs20-ld-st.fil0-ref-psthfr.s_stategain.S_jk.nf20-basic,st.fil0,ACTIVE_1,0.00010832679276424297,86.6,[0.69494551],[0.02175445],0.014778111827974403,0.01468550005946464,0.0,ACTIVE_1
